epoch,learning_rate,train_loss,train_accuracy,validation_loss,validation_accuracy,validation_fracture_precision,validation_fracture_recall,validation_specificity,validation_fracture_f1
1,0.00015,0.5639701031791378,0.700507614213198,0.8379191887660289,0.49606299212598426,0.36507936507936506,0.8961038961038961,0.3220338983050847,0.518796992481203
2,0.00015,0.4711333676643178,0.8003384094754653,0.6512995287189334,0.6771653543307087,0.4789915966386555,0.7402597402597403,0.6497175141242938,0.5816326530612246
3,0.00015,0.41584138458755415,0.8299492385786802,0.5329097652529168,0.7795275590551181,0.6206896551724138,0.7012987012987013,0.8135593220338984,0.6585365853658537
4,0.00015,0.3489705779528255,0.8705583756345178,0.5506317681214941,0.7716535433070866,0.5904761904761905,0.8051948051948052,0.7570621468926554,0.6813186813186813
5,0.00015,0.34185046108846134,0.8790186125211505,0.5134695740196649,0.8267716535433071,0.8367346938775511,0.5324675324675324,0.9548022598870056,0.6507936507936507
6,0.00015,0.3171997666358948,0.8908629441624365,0.5553925382340048,0.8188976377952756,0.6962025316455697,0.7142857142857143,0.864406779661017,0.7051282051282052
7,0.00015,0.30597939542707453,0.8993231810490694,0.5221132392019737,0.8228346456692913,0.7352941176470589,0.6493506493506493,0.8983050847457628,0.6896551724137931
8,0.00015,0.2787910276258052,0.9204737732656514,0.520607022553917,0.8110236220472441,0.7543859649122807,0.5584415584415584,0.9209039548022598,0.6417910447761195
9,0.00015,0.2642404665499169,0.9323181049069373,0.5924317620870635,0.7874015748031497,0.6055045871559633,0.8571428571428571,0.7570621468926554,0.7096774193548387
10,0.00015,0.23261729049198518,0.9483925549915397,0.618280020755107,0.8070866141732284,0.6590909090909091,0.7532467532467533,0.8305084745762712,0.703030303030303
11,0.00015,0.23140998736855947,0.9458544839255499,0.5077420349900178,0.8503937007874016,0.8,0.6753246753246753,0.9265536723163842,0.7323943661971831
12,0.00015,0.22958433083471308,0.9526226734348562,0.5344678386459201,0.8307086614173228,0.7297297297297297,0.7012987012987013,0.8870056497175142,0.7152317880794701
13,0.00015,0.21367161422211506,0.949238578680203,0.5029382588356499,0.8464566929133859,0.8275862068965517,0.6233766233766234,0.943502824858757,0.711111111111111
14,7.5e-05,0.22043005433784524,0.9500846023688664,0.5377079558184766,0.8267716535433071,0.7037037037037037,0.7402597402597403,0.864406779661017,0.7215189873417721
15,7.5e-05,0.19078703194402802,0.9678510998307953,0.6030018813028111,0.8464566929133859,0.7714285714285715,0.7012987012987013,0.9096045197740112,0.7346938775510204
