image_id,hand,leg,hip,shoulder,mixed,hardware,multiscan,fractured,fracture_count,frontal,lateral,oblique,split,processed_image
IMG0003208.jpg,1,0,0,0,0,0,0,0,0,0,0,1,train,train\non_fractured\IMG0003208.png
47 Male (L View).jpg,1,0,0,0,0,0,0,1,,,,,train,train\fractured\47 Male (L View).png
5 Male (L View).jpg,1,0,0,0,0,0,0,1,,,,,train,train\fractured\5 Male (L View).png
IMG0004122.jpg,1,0,0,0,0,0,0,0,0,1,0,0,train,train\non_fractured\IMG0004122.png
IMG0002610.jpg,1,0,0,0,0,1,0,1,1,0,1,0,train,train\fractured\IMG0002610.png
IMG0003221.jpg,1,0,0,1,1,0,0,0,0,1,0,0,train,train\non_fractured\IMG0003221.png
IMG0001524.jpg,1,0,0,0,0,0,0,0,0,0,0,1,train,train\non_fractured\IMG0001524.png
IMG0004274.jpg,1,0,0,0,0,0,0,0,0,0,1,0,train,train\non_fractured\IMG0004274.png
IMG0002682.jpg,1,0,0,0,0,0,0,0,0,0,0,1,train,train\non_fractured\IMG0002682.png
IMG0001340.jpg,1,0,0,0,0,0,0,0,0,1,0,0,train,train\non_fractured\IMG0001340.png
IMG0002961.jpg,1,0,0,0,0,0,0,0,0,1,0,0,train,train\non_fractured\IMG0002961.png
IMG0003865.jpg,1,0,0,0,0,0,0,0,0,1,0,0,train,train\non_fractured\IMG0003865.png
IMG0003102.jpg,1,0,0,0,0,0,0,1,1,0,1,0,train,train\fractured\IMG0003102.png
IMG0003103.jpg,1,0,0,0,0,0,0,0,0,1,0,0,train,train\non_fractured\IMG0003103.png
IMG0004130.jpg,1,0,0,0,0,0,0,0,0,0,1,0,train,train\non_fractured\IMG0004130.png
IMG0003002.jpg,1,0,0,0,0,0,0,0,0,1,0,0,train,train\non_fractured\IMG0003002.png
IMG0000847.jpg,1,0,0,0,0,0,0,0,0,0,1,0,train,train\non_fractured\IMG0000847.png
IMG0003352.jpg,1,0,0,1,1,0,0,0,0,1,0,0,train,train\non_fractured\IMG0003352.png
IMG0002360.jpg,1,0,0,0,0,0,0,1,1,0,1,0,train,train\fractured\IMG0002360.png
IMG0001366.jpg,1,0,0,0,0,0,0,1,1,1,0,0,train,train\fractured\IMG0001366.png
IMG0001662.jpg,1,0,0,0,0,0,0,0,0,0,1,0,train,train\non_fractured\IMG0001662.png
IMG0001669.jpg,1,0,0,0,0,0,0,0,0,0,0,1,train,train\non_fractured\IMG0001669.png
IMG0003529.jpg,1,0,0,0,0,0,0,0,0,1,0,0,train,train\non_fractured\IMG0003529.png
IMG0003516.jpg,1,0,0,0,0,0,0,0,0,0,1,0,train,train\non_fractured\IMG0003516.png
IMG0002159.jpg,1,0,0,0,0,0,0,0,0,0,1,0,train,train\non_fractured\IMG0002159.png
IMG0003943.jpg,1,0,0,0,0,0,0,1,1,0,1,0,train,train\fractured\IMG0003943.png
IMG0000602.jpg,1,0,0,0,0,0,0,0,0,0,1,0,train,train\non_fractured\IMG0000602.png
IMG0003587.jpg,1,0,0,0,0,0,0,1,1,0,1,0,train,train\fractured\IMG0003587.png
IMG0001968.jpg,1,0,0,0,0,0,0,0,0,1,0,0,train,train\non_fractured\IMG0001968.png
IMG0000307.jpg,1,0,0,0,0,0,1,1,3,1,1,0,train,train\fractured\IMG0000307.png
IMG0002504.jpg,1,0,0,1,1,0,0,1,1,1,1,0,train,train\fractured\IMG0002504.png
IMG0002746.jpg,1,0,0,0,0,0,0,1,2,0,1,0,train,train\fractured\IMG0002746.png
IMG0002219.jpg,1,0,0,0,0,0,1,0,0,1,1,0,train,train\non_fractured\IMG0002219.png
IMG0001912.jpg,1,0,0,1,1,0,0,0,0,1,0,0,train,train\non_fractured\IMG0001912.png
IMG0000260.jpg,1,0,0,0,0,0,1,0,0,1,1,0,train,train\non_fractured\IMG0000260.png
IMG0001238.jpg,1,0,0,0,0,0,0,0,0,0,0,1,train,train\non_fractured\IMG0001238.png
IMG0002603.jpg,1,0,0,0,0,1,0,1,1,0,1,0,train,train\fractured\IMG0002603.png
IMG0001685.jpg,1,0,0,0,0,0,0,0,0,1,0,0,train,train\non_fractured\IMG0001685.png
IMG0002696.jpg,1,0,0,0,0,0,0,0,0,1,0,0,train,train\non_fractured\IMG0002696.png
IMG0004245.jpg,1,0,0,0,0,0,0,0,0,0,1,0,train,train\non_fractured\IMG0004245.png
IMG0003334.jpg,1,0,0,0,0,0,0,0,0,0,1,0,train,train\non_fractured\IMG0003334.png
IMG0003667.jpg,1,0,0,0,0,0,0,0,0,0,1,0,train,train\non_fractured\IMG0003667.png
IMG0003375.jpg,1,0,0,0,0,0,0,1,1,1,0,0,train,train\fractured\IMG0003375.png
IMG0003067.jpg,1,0,0,0,0,0,0,0,0,1,0,0,train,train\non_fractured\IMG0003067.png
IMG0000675.jpg,1,0,0,0,0,0,0,0,0,0,1,0,train,train\non_fractured\IMG0000675.png
IMG0003313.jpg,1,0,0,0,0,0,0,1,1,0,1,0,train,train\fractured\IMG0003313.png
IMG0003436.jpg,1,0,1,1,1,0,0,0,0,1,0,0,train,train\non_fractured\IMG0003436.png
IMG0000162.jpg,1,0,0,0,0,0,0,0,0,0,1,0,train,train\non_fractured\IMG0000162.png
28.jpg,1,0,0,0,0,0,0,0,,,,,train,train\non_fractured\28.png
IMG0002287.jpg,1,0,0,0,0,0,1,1,2,1,1,0,train,train\fractured\IMG0002287.png
IMG0001413.jpg,1,0,0,0,0,0,0,0,0,0,1,0,train,train\non_fractured\IMG0001413.png
IMG0000561.jpg,1,0,0,0,0,0,0,0,0,0,0,1,train,train\non_fractured\IMG0000561.png
IMG0003127.jpg,1,0,0,0,0,0,0,0,0,0,1,0,train,train\non_fractured\IMG0003127.png
93 F (L View).jpg,1,0,0,0,0,0,0,1,,,,,train,train\fractured\93 F (L View).png
IMG0000368.jpg,1,0,0,0,0,0,0,0,0,1,0,0,train,train\non_fractured\IMG0000368.png
IMG0003213.jpg,1,0,0,0,0,0,0,1,1,1,0,0,train,train\fractured\IMG0003213.png
IMG0003555.jpg,1,0,0,1,1,0,0,0,0,1,0,0,train,train\non_fractured\IMG0003555.png
IMG0003413.jpg,1,0,0,0,0,0,0,0,0,0,0,1,train,train\non_fractured\IMG0003413.png
IMG0002583.jpg,1,0,0,0,0,0,0,1,1,1,1,0,train,train\fractured\IMG0002583.png
IMG0000845.jpg,1,0,0,0,0,0,0,1,1,0,1,0,train,train\fractured\IMG0000845.png
IMG0003859.jpg,1,0,0,0,0,0,0,0,0,1,0,0,train,train\non_fractured\IMG0003859.png
IMG0003763.jpg,1,0,0,0,0,0,0,0,0,1,0,0,train,train\non_fractured\IMG0003763.png
IMG0001701.jpg,1,0,0,0,0,0,0,0,0,0,0,1,train,train\non_fractured\IMG0001701.png
IMG0001046.jpg,1,0,0,1,1,0,0,0,0,1,0,0,train,train\non_fractured\IMG0001046.png
40 F (L View).jpg,1,0,0,0,0,0,0,1,,,,,train,train\fractured\40 F (L View).png
IMG0002422.jpg,1,0,0,0,0,0,1,1,4,1,0,1,train,train\fractured\IMG0002422.png
IMG0001073.jpg,1,0,0,0,0,0,1,1,2,1,1,0,train,train\fractured\IMG0001073.png
IMG0000883.jpg,1,0,0,0,0,0,0,0,0,1,0,0,train,train\non_fractured\IMG0000883.png
IMG0003597.jpg,1,0,0,0,0,0,0,0,0,1,0,0,train,train\non_fractured\IMG0003597.png
IMG0000007.jpg,1,0,0,0,0,0,0,0,0,0,0,1,train,train\non_fractured\IMG0000007.png
IMG0002350.jpg,1,0,0,0,0,0,0,1,1,0,1,0,train,train\fractured\IMG0002350.png
IMG0000351.jpg,1,0,0,0,0,0,0,1,1,1,0,0,train,train\fractured\IMG0000351.png
IMG0002001.jpg,1,0,0,0,0,0,0,0,0,1,0,0,train,train\non_fractured\IMG0002001.png
IMG0001324.jpg,1,0,0,0,0,0,0,0,0,0,1,0,train,train\non_fractured\IMG0001324.png
88 Male (L View).jpg,1,0,0,0,0,0,0,1,,,,,train,train\fractured\88 Male (L View).png
IMG0003661.jpg,1,0,0,1,1,0,0,0,0,1,1,0,train,train\non_fractured\IMG0003661.png
IMG0002484.jpg,1,0,0,0,0,0,0,1,2,0,1,0,train,train\fractured\IMG0002484.png
IMG0003046.jpg,1,0,0,0,0,0,0,0,0,0,1,0,train,train\non_fractured\IMG0003046.png
IMG0002127.jpg,1,0,0,0,0,0,0,1,1,0,1,0,train,train\fractured\IMG0002127.png
IMG0004273.jpg,1,0,0,0,0,0,0,0,0,1,0,0,train,train\non_fractured\IMG0004273.png
IMG0002117.jpg,1,0,1,1,1,0,0,0,0,1,1,0,train,train\non_fractured\IMG0002117.png
IMG0002632.jpg,1,0,0,1,1,0,0,0,0,1,0,0,train,train\non_fractured\IMG0002632.png
IMG0000200.jpg,1,0,0,0,0,0,0,0,0,0,1,0,train,train\non_fractured\IMG0000200.png
IMG0003578.jpg,1,0,0,0,0,0,0,0,0,0,1,0,train,train\non_fractured\IMG0003578.png
IMG0003639.jpg,1,0,0,0,0,0,0,0,0,1,0,0,train,train\non_fractured\IMG0003639.png
IMG0002807.jpg,1,0,0,1,1,0,0,0,0,1,0,0,train,train\non_fractured\IMG0002807.png
IMG0001177.jpg,1,0,0,1,1,0,0,0,0,1,0,0,train,train\non_fractured\IMG0001177.png
IMG0001078.jpg,1,0,0,0,0,0,0,0,0,1,0,0,train,train\non_fractured\IMG0001078.png
IMG0000535.jpg,1,0,1,1,1,0,0,0,0,1,0,0,train,train\non_fractured\IMG0000535.png
IMG0002224.jpg,1,0,0,1,1,0,0,0,0,1,0,0,train,train\non_fractured\IMG0002224.png
IMG0002683.jpg,1,0,0,0,0,0,0,0,0,0,1,0,train,train\non_fractured\IMG0002683.png
IMG0000696.jpg,1,0,0,0,0,0,0,0,0,0,1,0,train,train\non_fractured\IMG0000696.png
IMG0002464.jpg,1,0,0,0,0,0,1,1,1,1,1,0,train,train\fractured\IMG0002464.png
IMG0003126.jpg,1,0,0,0,0,0,0,0,0,1,0,0,train,train\non_fractured\IMG0003126.png
IMG0001077.jpg,1,0,0,0,0,0,0,0,0,1,0,0,train,train\non_fractured\IMG0001077.png
IMG0003089.jpg,1,0,0,0,0,0,0,0,0,0,0,1,train,train\non_fractured\IMG0003089.png
IMG0004260.jpg,1,0,0,0,0,0,0,0,0,0,0,1,train,train\non_fractured\IMG0004260.png
IMG0000754.jpg,1,0,0,0,0,0,0,0,0,1,0,0,train,train\non_fractured\IMG0000754.png
IMG0003211.jpg,1,0,0,0,0,0,0,0,0,1,0,0,train,train\non_fractured\IMG0003211.png
IMG0001718.jpg,1,0,0,1,1,0,0,0,0,1,0,0,train,train\non_fractured\IMG0001718.png
IMG0000155.jpg,1,0,0,0,0,0,0,1,1,1,0,0,train,train\fractured\IMG0000155.png
IMG0002298.jpg,1,0,0,0,0,0,1,1,2,0,1,0,train,train\fractured\IMG0002298.png
3 Male (L View).jpg,1,0,0,0,0,0,0,1,,,,,train,train\fractured\3 Male (L View).png
IMG0002667.jpg,1,0,0,0,0,0,0,0,0,1,0,0,train,train\non_fractured\IMG0002667.png
IMG0000031.jpg,1,0,0,0,0,0,0,0,0,0,0,1,train,train\non_fractured\IMG0000031.png
IMG0002446.jpg,1,0,0,0,0,0,0,1,3,0,1,0,train,train\fractured\IMG0002446.png
IMG0003654.jpg,1,0,0,0,0,0,0,1,1,0,1,0,train,train\fractured\IMG0003654.png
IMG0001041.jpg,1,0,0,0,0,0,0,1,1,1,0,0,train,train\fractured\IMG0001041.png
9 Male (L View).jpg,1,0,0,0,0,0,0,1,,,,,train,train\fractured\9 Male (L View).png
IMG0004375.jpg,1,0,0,0,0,0,0,1,1,0,1,0,train,train\fractured\IMG0004375.png
IMG0000559.jpg,1,0,0,0,0,0,0,0,0,0,0,1,train,train\non_fractured\IMG0000559.png
IMG0002832.jpg,1,0,0,0,0,0,0,1,1,0,1,0,train,train\fractured\IMG0002832.png
74 M (A View).jpg,1,0,0,0,0,0,0,1,,,,,train,train\fractured\74 M (A View).png
IMG0001953.jpg,1,0,0,0,0,0,0,0,0,1,0,0,train,train\non_fractured\IMG0001953.png
IMG0003076.jpg,1,0,0,0,0,0,0,0,0,0,1,0,train,train\non_fractured\IMG0003076.png
IMG0001723.jpg,1,0,0,0,0,0,0,0,0,0,1,0,train,train\non_fractured\IMG0001723.png
IMG0000198.jpg,1,0,0,0,0,0,0,0,0,0,1,0,train,train\non_fractured\IMG0000198.png
IMG0001307.jpg,1,0,0,0,0,0,0,0,0,1,0,0,train,train\non_fractured\IMG0001307.png
IMG0001062.jpg,1,0,0,0,0,0,1,0,0,1,1,0,train,train\non_fractured\IMG0001062.png
IMG0000846.jpg,1,0,0,0,0,0,0,0,0,1,0,0,train,train\non_fractured\IMG0000846.png
IMG0000728.jpg,1,0,1,1,1,0,0,0,0,1,0,0,train,train\non_fractured\IMG0000728.png
IMG0001971.jpg,1,0,0,0,0,1,0,1,1,0,1,0,train,train\fractured\IMG0001971.png
IMG0002736.jpg,1,0,0,0,0,0,0,0,0,0,0,1,train,train\non_fractured\IMG0002736.png
IMG0003061.jpg,1,0,0,0,0,0,0,0,0,0,0,1,train,train\non_fractured\IMG0003061.png
IMG0000163.jpg,1,0,0,0,0,0,0,0,0,1,0,0,train,train\non_fractured\IMG0000163.png
IMG0001495.jpg,1,0,0,0,0,0,0,1,1,0,1,0,train,train\fractured\IMG0001495.png
IMG0002377.jpg,1,0,0,0,0,0,0,1,1,0,1,0,train,train\fractured\IMG0002377.png
IMG0001001.jpg,1,0,0,0,0,0,0,0,0,1,0,0,train,train\non_fractured\IMG0001001.png
IMG0002659.jpg,1,0,0,0,0,0,0,0,0,0,1,0,train,train\non_fractured\IMG0002659.png
IMG0001171.jpg,1,0,0,0,0,0,0,0,0,0,1,0,train,train\non_fractured\IMG0001171.png
IMG0003444.jpg,1,0,0,1,1,0,0,0,0,1,0,0,train,train\non_fractured\IMG0003444.png
IMG0000750.jpg,1,0,0,0,0,0,0,1,1,0,1,0,train,train\fractured\IMG0000750.png
IMG0001609.jpg,1,0,0,1,1,0,0,0,0,1,1,0,train,train\non_fractured\IMG0001609.png
IMG0003199.jpg,1,0,0,0,0,0,0,1,2,1,0,0,train,train\fractured\IMG0003199.png
IMG0000158.jpg,1,0,0,0,0,0,0,0,0,0,1,0,train,train\non_fractured\IMG0000158.png
IMG0002410.jpg,1,0,0,0,0,0,1,1,2,1,1,0,train,train\fractured\IMG0002410.png
IMG0001002.jpg,1,0,0,0,0,0,0,0,0,0,1,0,train,train\non_fractured\IMG0001002.png
IMG0003497.jpg,1,0,0,1,1,0,0,0,0,1,0,0,train,train\non_fractured\IMG0003497.png
IMG0003590.jpg,1,0,0,0,0,0,0,0,0,1,0,0,train,train\non_fractured\IMG0003590.png
IMG0004263.jpg,1,0,0,0,0,0,0,0,0,0,1,0,train,train\non_fractured\IMG0004263.png
IMG0001558.jpg,1,0,0,0,0,0,0,0,0,0,1,0,train,train\non_fractured\IMG0001558.png
IMG0002979.jpg,1,0,0,0,0,0,0,1,1,1,0,0,train,train\fractured\IMG0002979.png
IMG0000620.jpg,1,0,0,0,0,0,0,0,0,1,0,0,train,train\non_fractured\IMG0000620.png
IMG0001705.jpg,1,0,0,0,0,0,0,0,0,0,1,0,train,train\non_fractured\IMG0001705.png
45 F (L View).jpg,1,0,0,0,0,0,0,1,,,,,train,train\fractured\45 F (L View).png
IMG0003553.jpg,1,0,0,0,0,0,0,0,0,1,0,0,train,train\non_fractured\IMG0003553.png
IMG0002277.jpg,1,0,0,0,0,0,1,0,0,1,1,0,train,train\non_fractured\IMG0002277.png
65 Male (A View).jpg,1,0,0,0,0,0,0,1,,,,,train,train\fractured\65 Male (A View).png
IMG0003071.jpg,1,0,0,0,0,0,0,0,0,1,0,0,train,train\non_fractured\IMG0003071.png
IMG0002450.jpg,1,0,0,0,0,0,0,1,1,0,1,0,train,train\fractured\IMG0002450.png
IMG0002580.jpg,1,0,0,1,1,0,0,1,1,0,1,0,train,train\fractured\IMG0002580.png
IMG0003452.jpg,1,0,0,0,0,0,0,0,0,0,1,0,train,train\non_fractured\IMG0003452.png
59 F (A View).jpg,1,0,0,0,0,0,0,1,,,,,train,train\fractured\59 F (A View).png
IMG0002776.jpg,1,0,0,0,0,0,0,0,0,1,0,0,train,train\non_fractured\IMG0002776.png
IMG0001919.jpg,1,0,0,0,0,0,0,0,0,0,1,0,train,train\non_fractured\IMG0001919.png
IMG0000215.jpg,1,0,0,0,0,0,0,0,0,0,0,1,train,train\non_fractured\IMG0000215.png
IMG0002614.jpg,1,0,0,0,0,1,0,1,1,1,0,0,train,train\fractured\IMG0002614.png
IMG0001997.jpg,1,0,0,0,0,0,0,0,0,0,0,1,train,train\non_fractured\IMG0001997.png
IMG0002212.jpg,1,0,0,0,0,0,1,0,0,1,0,0,train,train\non_fractured\IMG0002212.png
IMG0003423.jpg,1,0,0,1,1,0,0,0,0,1,0,0,train,train\non_fractured\IMG0003423.png
IMG0002560.jpg,1,0,0,0,0,0,1,1,4,1,0,0,train,train\fractured\IMG0002560.png
IMG0002402.jpg,1,0,0,0,0,0,1,1,2,1,1,0,train,train\fractured\IMG0002402.png
IMG0004188.jpg,1,0,0,0,0,0,0,0,0,1,0,0,train,train\non_fractured\IMG0004188.png
69.jpg,1,0,0,0,0,0,0,0,,,,,train,train\non_fractured\69.png
IMG0000189.jpg,1,0,0,1,1,0,0,1,1,0,1,0,train,train\fractured\IMG0000189.png
IMG0003792.jpg,1,0,0,0,0,0,0,0,0,1,0,0,train,train\non_fractured\IMG0003792.png
IMG0000758.jpg,1,0,0,1,1,0,0,1,1,1,0,0,train,train\fractured\IMG0000758.png
62.jpg,1,0,0,0,0,0,0,0,,,,,train,train\non_fractured\62.png
IMG0001101.jpg,1,0,0,1,1,0,0,0,0,1,0,0,train,train\non_fractured\IMG0001101.png
IMG0003880.jpg,1,0,0,0,0,0,0,0,0,1,0,0,train,train\non_fractured\IMG0003880.png
65 Male (L View).jpg,1,0,0,0,0,0,0,1,,,,,train,train\fractured\65 Male (L View).png
IMG0002904.jpg,1,0,0,0,0,1,0,1,1,1,0,0,train,train\fractured\IMG0002904.png
IMG0003110.jpg,1,0,0,0,0,0,0,0,0,0,1,0,train,train\non_fractured\IMG0003110.png
59.jpg,1,0,0,0,0,0,0,0,,,,,train,train\non_fractured\59.png
IMG0000864.jpg,1,0,0,0,0,0,0,0,0,0,0,1,train,train\non_fractured\IMG0000864.png
IMG0003150.jpg,1,0,0,0,0,0,1,0,0,1,1,0,train,train\non_fractured\IMG0003150.png
IMG0002496.jpg,1,0,0,0,0,0,0,1,1,0,1,0,train,train\fractured\IMG0002496.png
IMG0001341.jpg,1,0,0,0,0,0,0,0,0,0,1,0,train,train\non_fractured\IMG0001341.png
17.jpg,1,0,0,0,0,0,0,0,,,,,train,train\non_fractured\17.png
IMG0000544.jpg,1,0,0,0,0,0,0,0,0,0,1,0,train,train\non_fractured\IMG0000544.png
IMG0003120.jpg,1,0,0,0,0,0,0,0,0,1,0,0,train,train\non_fractured\IMG0003120.png
IMG0001719.jpg,1,0,0,1,1,0,0,0,0,1,0,0,train,train\non_fractured\IMG0001719.png
IMG0003503.jpg,1,0,0,0,0,0,0,0,0,1,0,0,train,train\non_fractured\IMG0003503.png
IMG0002469.jpg,1,0,0,0,0,0,0,1,1,0,1,0,train,train\fractured\IMG0002469.png
IMG0003121.jpg,1,0,0,0,0,0,0,1,1,0,0,1,train,train\fractured\IMG0003121.png
IMG0003960.jpg,1,0,0,0,0,0,0,0,0,1,0,0,train,train\non_fractured\IMG0003960.png
IMG0003072.jpg,1,0,0,0,0,0,0,0,0,0,0,1,train,train\non_fractured\IMG0003072.png
IMG0003903.jpg,1,0,0,1,1,0,0,0,0,1,0,0,train,train\non_fractured\IMG0003903.png
IMG0002470.jpg,1,0,0,0,0,0,0,1,1,0,1,0,train,train\fractured\IMG0002470.png
IMG0004003.jpg,1,0,0,0,0,0,0,0,0,0,1,0,train,train\non_fractured\IMG0004003.png
IMG0004214.jpg,1,0,0,0,0,0,0,0,0,0,0,1,train,train\non_fractured\IMG0004214.png
90 Male (A View).jpg,1,0,0,0,0,0,0,1,,,,,train,train\fractured\90 Male (A View).png
IMG0002388.jpg,1,0,0,0,0,0,1,1,2,1,0,0,train,train\fractured\IMG0002388.png
IMG0002518.jpg,1,0,0,0,0,0,0,1,1,1,0,0,train,train\fractured\IMG0002518.png
IMG0001493.jpg,1,0,0,0,0,0,0,0,0,0,0,1,train,train\non_fractured\IMG0001493.png
IMG0000148.jpg,1,0,0,1,1,0,0,0,0,1,1,0,train,train\non_fractured\IMG0000148.png
IMG0002332.jpg,1,0,0,0,0,0,0,1,1,0,1,0,train,train\fractured\IMG0002332.png
IMG0003538.jpg,1,0,0,0,0,0,0,0,0,0,1,0,train,train\non_fractured\IMG0003538.png
IMG0001639.jpg,1,0,0,0,0,0,0,1,1,0,0,1,train,train\fractured\IMG0001639.png
IMG0000422.jpg,1,0,0,0,0,0,0,0,0,1,0,0,train,train\non_fractured\IMG0000422.png
IMG0003095.jpg,1,1,0,0,1,0,0,0,0,1,0,0,train,train\non_fractured\IMG0003095.png
IMG0003580.jpg,1,0,0,0,0,0,0,0,0,0,0,1,train,train\non_fractured\IMG0003580.png
IMG0001720.jpg,1,0,0,1,1,0,0,0,0,1,0,0,train,train\non_fractured\IMG0001720.png
IMG0001486.jpg,1,0,0,0,0,0,0,0,0,0,1,0,train,train\non_fractured\IMG0001486.png
IMG0000164.jpg,1,0,0,0,0,0,0,0,0,0,1,0,train,train\non_fractured\IMG0000164.png
IMG0000878.jpg,1,0,0,0,0,0,0,0,0,1,1,0,train,train\non_fractured\IMG0000878.png
IMG0003873.jpg,1,0,0,1,1,0,0,0,0,1,0,0,train,train\non_fractured\IMG0003873.png
IMG0003383.jpg,1,0,0,0,0,0,0,1,1,1,0,0,train,train\fractured\IMG0003383.png
IMG0000800.jpg,1,0,0,0,0,0,0,0,0,0,1,0,train,train\non_fractured\IMG0000800.png
IMG0000567.jpg,1,0,0,0,0,0,0,0,0,1,0,1,train,train\non_fractured\IMG0000567.png
IMG0000204.jpg,1,0,0,0,0,0,0,0,0,1,0,0,train,train\non_fractured\IMG0000204.png
IMG0001511.jpg,1,0,0,1,1,0,0,0,0,1,0,0,train,train\non_fractured\IMG0001511.png
IMG0001124.jpg,1,0,0,0,0,0,0,0,0,1,0,0,train,train\non_fractured\IMG0001124.png
IMG0000420.jpg,1,0,0,0,0,0,0,0,0,1,0,0,train,train\non_fractured\IMG0000420.png
35.jpg,1,0,0,0,0,0,0,0,,,,,train,train\non_fractured\35.png
89 Male.jpg,1,0,0,0,0,0,0,1,,,,,train,train\fractured\89 Male.png
IMG0001371.jpg,1,0,0,0,0,0,0,0,0,1,0,0,train,train\non_fractured\IMG0001371.png
IMG0002194.jpg,1,0,0,0,0,0,1,0,0,1,1,0,train,train\non_fractured\IMG0002194.png
IMG0002405.jpg,1,0,0,0,0,0,1,1,2,1,1,0,train,train\fractured\IMG0002405.png
IMG0000423.jpg,1,0,0,0,0,0,0,0,0,0,1,0,train,train\non_fractured\IMG0000423.png
IMG0003984.jpg,1,0,0,0,0,0,0,0,0,0,1,0,train,train\non_fractured\IMG0003984.png
IMG0001086.jpg,1,0,0,0,0,0,0,0,0,0,1,0,train,train\non_fractured\IMG0001086.png
IMG0003914.jpg,1,0,0,0,0,0,0,0,0,1,0,0,train,train\non_fractured\IMG0003914.png
IMG0000560.jpg,1,0,0,0,0,0,0,0,0,1,0,0,train,train\non_fractured\IMG0000560.png
48 Male (A View).jpg,1,0,0,0,0,0,0,1,,,,,train,train\fractured\48 Male (A View).png
IMG0002157.jpg,1,0,0,0,0,0,0,0,0,0,1,0,train,train\non_fractured\IMG0002157.png
IMG0003062.jpg,1,0,0,0,0,0,0,0,0,1,0,0,train,train\non_fractured\IMG0003062.png
IMG0002065.jpg,1,0,0,0,0,0,0,0,0,1,0,0,train,train\non_fractured\IMG0002065.png
IMG0003090.jpg,1,0,0,0,0,0,0,0,0,0,0,1,train,train\non_fractured\IMG0003090.png
IMG0001516.jpg,1,0,0,0,0,0,0,0,0,0,1,0,train,train\non_fractured\IMG0001516.png
IMG0001769.jpg,1,0,0,0,0,0,0,0,0,1,0,0,train,train\non_fractured\IMG0001769.png
IMG0002486.jpg,1,0,0,0,0,0,0,1,2,1,0,0,train,train\fractured\IMG0002486.png
1 Male (L View).jpg,1,0,0,0,0,0,0,1,,,,,train,train\fractured\1 Male (L View).png
IMG0004043.jpg,1,0,0,0,0,0,0,1,2,1,0,0,train,train\fractured\IMG0004043.png
IMG0000484.jpg,1,0,0,0,0,0,0,0,0,1,0,0,train,train\non_fractured\IMG0000484.png
IMG0001153.jpg,1,0,0,0,0,0,0,0,0,1,0,0,train,train\non_fractured\IMG0001153.png
IMG0003485.jpg,1,0,0,0,0,0,0,0,0,1,0,0,train,train\non_fractured\IMG0003485.png
IMG0000902.jpg,1,0,0,1,1,0,0,0,0,1,0,0,train,train\non_fractured\IMG0000902.png
IMG0000623.jpg,1,0,0,1,1,0,0,0,0,1,0,0,train,train\non_fractured\IMG0000623.png
IMG0002485.jpg,1,0,0,0,0,1,0,1,1,0,1,0,train,train\fractured\IMG0002485.png
IMG0001100.jpg,1,0,0,1,1,0,0,0,0,1,0,0,train,train\non_fractured\IMG0001100.png
IMG0000860.jpg,1,0,0,0,0,0,0,0,0,1,0,0,train,train\non_fractured\IMG0000860.png
IMG0002285.jpg,1,0,0,0,0,0,1,0,0,1,1,0,train,train\non_fractured\IMG0002285.png
IMG0004225.jpg,1,0,0,0,0,0,0,0,0,0,1,0,train,train\non_fractured\IMG0004225.png
IMG0002552.jpg,1,0,0,0,0,0,0,1,1,0,1,0,train,train\fractured\IMG0002552.png
IMG0001440.jpg,1,0,0,0,0,0,0,1,1,1,0,0,train,train\fractured\IMG0001440.png
IMG0001622.jpg,1,0,0,0,0,0,0,0,0,0,1,0,train,train\non_fractured\IMG0001622.png
IMG0000782.jpg,1,0,0,0,0,0,0,0,0,1,0,0,train,train\non_fractured\IMG0000782.png
1 Male (A View).jpg,1,0,0,0,0,0,0,1,,,,,train,train\fractured\1 Male (A View).png
IMG0000261.jpg,1,0,0,0,0,0,1,1,2,1,1,0,train,train\fractured\IMG0000261.png
4 Male ( A View).jpg,1,0,0,0,0,0,0,1,,,,,train,train\fractured\4 Male ( A View).png
IMG0002497.jpg,1,0,0,0,0,0,0,1,1,1,0,0,train,train\fractured\IMG0002497.png
IMG0000793.jpg,1,0,0,0,0,0,0,0,0,1,0,0,train,train\non_fractured\IMG0000793.png
IMG0001588.jpg,1,0,0,1,1,0,0,0,0,1,0,0,train,train\non_fractured\IMG0001588.png
IMG0000801.jpg,1,0,0,0,0,0,0,1,1,0,1,0,train,train\fractured\IMG0000801.png
IMG0002568.jpg,1,0,0,0,0,0,1,1,2,0,1,0,train,train\fractured\IMG0002568.png
IMG0001749.jpg,1,0,0,0,0,0,0,0,0,1,0,0,train,train\non_fractured\IMG0001749.png
IMG0004284.jpg,1,0,0,0,0,0,0,0,0,1,0,0,train,train\non_fractured\IMG0004284.png
IMG0000203.jpg,1,0,0,0,0,0,0,0,0,1,0,0,train,train\non_fractured\IMG0000203.png
3.jpg,1,0,0,0,0,0,0,0,,,,,train,train\non_fractured\3.png
IMG0002585.jpg,1,0,0,0,0,0,1,1,2,1,1,0,train,train\fractured\IMG0002585.png
IMG0001933.jpg,1,0,0,0,0,0,0,1,1,1,0,0,train,train\fractured\IMG0001933.png
IMG0001147.jpg,1,0,0,0,0,0,0,1,1,1,0,0,train,train\fractured\IMG0001147.png
IMG0003592.jpg,1,0,0,0,0,0,0,0,0,1,0,0,train,train\non_fractured\IMG0003592.png
IMG0002938.jpg,1,0,0,0,0,0,0,0,0,1,0,0,train,train\non_fractured\IMG0002938.png
IMG0003333.jpg,1,0,0,0,0,0,0,0,0,1,0,0,train,train\non_fractured\IMG0003333.png
IMG0002966.jpg,1,0,0,0,0,0,0,0,0,1,0,0,train,train\non_fractured\IMG0002966.png
IMG0001529.jpg,1,0,0,1,1,0,0,0,0,1,1,0,train,train\non_fractured\IMG0001529.png
31.jpg,1,0,0,0,0,0,0,0,,,,,train,train\non_fractured\31.png
IMG0003216.jpg,1,0,0,0,0,0,0,0,0,0,1,0,train,train\non_fractured\IMG0003216.png
IMG0003435.jpg,1,0,0,1,1,0,0,0,0,1,0,0,train,train\non_fractured\IMG0003435.png
IMG0000006.jpg,1,0,0,0,0,0,1,0,0,0,1,1,train,train\non_fractured\IMG0000006.png
IMG0002075.jpg,1,0,0,0,0,0,0,0,0,1,0,0,train,train\non_fractured\IMG0002075.png
IMG0001361.jpg,1,0,0,0,0,0,0,1,1,0,1,0,train,train\fractured\IMG0001361.png
IMG0002962.jpg,1,0,0,0,0,0,0,0,0,0,1,0,train,train\non_fractured\IMG0002962.png
IMG0001938.jpg,1,0,0,0,0,0,0,1,1,0,1,0,train,train\fractured\IMG0001938.png
16 Female (L View).jpg,1,0,0,0,0,0,0,1,,,,,train,train\fractured\16 Female (L View).png
IMG0000523.jpg,1,0,0,0,0,0,0,0,0,1,0,0,train,train\non_fractured\IMG0000523.png
IMG0003381.jpg,1,0,0,0,0,0,0,1,1,1,0,0,train,train\fractured\IMG0003381.png
IMG0002965.jpg,1,0,0,1,1,0,0,0,0,1,0,0,train,train\non_fractured\IMG0002965.png
90 Male (L View).jpg,1,0,0,0,0,0,0,1,,,,,train,train\fractured\90 Male (L View).png
IMG0002918.jpg,1,0,0,0,0,0,0,0,0,1,0,0,train,train\non_fractured\IMG0002918.png
IMG0002087.jpg,1,0,0,0,0,0,0,0,0,1,0,0,train,train\non_fractured\IMG0002087.png
IMG0003594.jpg,1,0,0,0,0,0,0,0,0,0,1,0,train,train\non_fractured\IMG0003594.png
IMG0002835.jpg,1,0,0,0,0,0,0,0,0,1,0,0,train,train\non_fractured\IMG0002835.png
IMG0001441.jpg,1,0,0,0,0,0,0,1,1,0,1,0,train,train\fractured\IMG0001441.png
IMG0003922.jpg,1,0,0,0,0,0,0,0,0,1,0,0,train,train\non_fractured\IMG0003922.png
54.jpg,1,0,0,0,0,0,0,0,,,,,train,train\non_fractured\54.png
IMG0001087.jpg,1,0,0,0,0,0,0,0,0,1,0,0,train,train\non_fractured\IMG0001087.png
IMG0002354.jpg,1,0,0,0,0,0,0,1,1,0,1,0,train,train\fractured\IMG0002354.png
IMG0001998.jpg,1,0,0,0,0,0,1,0,0,1,1,0,train,train\non_fractured\IMG0001998.png
IMG0002315.jpg,1,0,0,0,0,0,0,1,1,1,0,0,train,train\fractured\IMG0002315.png
IMG0001911.jpg,1,0,0,0,0,0,0,0,0,0,1,0,train,train\non_fractured\IMG0001911.png
IMG0002003.jpg,1,0,0,0,0,0,0,0,0,1,0,0,train,train\non_fractured\IMG0002003.png
IMG0003884.jpg,1,0,0,0,0,0,0,0,0,1,0,0,train,train\non_fractured\IMG0003884.png
IMG0003810.jpg,1,0,0,0,0,0,0,1,1,1,0,0,train,train\fractured\IMG0003810.png
IMG0002492.jpg,1,0,0,0,0,0,0,1,1,0,1,0,train,train\fractured\IMG0002492.png
IMG0002105.jpg,1,0,0,0,0,0,0,1,1,1,0,0,train,train\fractured\IMG0002105.png
IMG0003668.jpg,1,0,0,0,0,0,0,0,0,1,0,0,train,train\non_fractured\IMG0003668.png
IMG0002309.jpg,1,0,0,0,0,0,0,1,1,1,0,0,train,train\fractured\IMG0002309.png
2 Male (L View).jpg,1,0,0,0,0,0,0,1,,,,,train,train\fractured\2 Male (L View).png
IMG0001520.jpg,1,0,0,0,0,0,0,0,0,1,0,0,train,train\non_fractured\IMG0001520.png
16 Female (A View).jpg,1,0,0,0,0,0,0,1,,,,,train,train\fractured\16 Female (A View).png
IMG0000799.jpg,1,0,0,0,0,0,0,0,0,1,0,0,train,train\non_fractured\IMG0000799.png
IMG0000050.jpg,1,0,0,0,0,0,0,0,0,0,1,0,train,train\non_fractured\IMG0000050.png
IMG0004009.jpg,1,0,0,0,0,0,0,1,2,1,0,0,train,train\fractured\IMG0004009.png
3 Male (A View).jpg,1,0,0,0,0,0,0,1,,,,,train,train\fractured\3 Male (A View).png
IMG0003743.jpg,1,0,0,1,1,0,0,0,0,1,0,0,train,train\non_fractured\IMG0003743.png
IMG0000926.jpg,1,0,0,0,0,0,0,0,0,1,0,0,train,train\non_fractured\IMG0000926.png
IMG0003212.jpg,1,0,0,0,0,0,0,0,0,1,0,0,train,train\non_fractured\IMG0003212.png
IMG0002290.jpg,1,0,0,0,0,0,1,0,0,0,0,1,train,train\non_fractured\IMG0002290.png
IMG0003372.jpg,1,0,0,0,0,0,0,0,0,0,1,0,train,train\non_fractured\IMG0003372.png
89 Male (L View).jpg,1,0,0,0,0,0,0,1,,,,,train,train\fractured\89 Male (L View).png
IMG0002066.jpg,1,0,0,0,0,0,0,0,0,1,0,0,train,train\non_fractured\IMG0002066.png
39 F (L View).jpg,1,0,0,0,0,0,0,1,,,,,train,train\fractured\39 F (L View).png
IMG0002876.jpg,1,0,0,0,0,0,0,0,0,0,1,0,train,train\non_fractured\IMG0002876.png
IMG0003007.jpg,1,0,0,1,1,0,0,0,0,1,0,0,train,train\non_fractured\IMG0003007.png
IMG0002974.jpg,1,0,0,1,1,0,0,0,0,1,0,0,train,train\non_fractured\IMG0002974.png
IMG0002738.jpg,1,0,0,0,0,0,0,1,1,1,0,0,train,train\fractured\IMG0002738.png
IMG0000844.jpg,1,0,0,0,0,0,0,1,1,1,0,0,train,train\fractured\IMG0000844.png
IMG0000206.jpg,1,0,0,0,0,0,0,1,1,1,0,0,train,train\fractured\IMG0000206.png
IMG0003511.jpg,1,0,0,0,0,0,0,0,0,0,0,1,train,train\non_fractured\IMG0003511.png
IMG0003765.jpg,1,0,0,0,0,0,0,0,0,0,1,0,train,train\non_fractured\IMG0003765.png
IMG0003764.jpg,1,0,0,0,0,0,0,0,0,1,0,0,train,train\non_fractured\IMG0003764.png
IMG0001986.jpg,1,0,0,1,1,0,0,0,0,1,0,0,train,train\non_fractured\IMG0001986.png
IMG0001226.jpg,1,0,0,0,0,0,0,0,0,0,1,0,train,train\non_fractured\IMG0001226.png
IMG0000626.jpg,1,0,0,0,0,0,0,0,0,0,1,0,train,train\non_fractured\IMG0000626.png
IMG0001252.jpg,1,0,0,1,1,0,0,0,0,1,0,0,train,train\non_fractured\IMG0001252.png
IMG0003916.jpg,1,0,0,0,0,0,0,0,0,1,0,0,train,train\non_fractured\IMG0003916.png
IMG0003327.jpg,1,0,0,0,0,0,0,0,0,1,0,0,train,train\non_fractured\IMG0003327.png
IMG0002981.jpg,1,0,0,1,1,0,0,0,0,1,0,0,train,train\non_fractured\IMG0002981.png
IMG0002216.jpg,1,0,0,1,1,0,0,0,0,1,0,0,train,train\non_fractured\IMG0002216.png
IMG0001567.jpg,1,0,0,0,0,0,0,0,0,1,0,0,train,train\non_fractured\IMG0001567.png
IMG0003565.jpg,1,0,0,0,0,0,0,1,1,0,1,0,train,train\fractured\IMG0003565.png
IMG0002317.jpg,1,0,0,0,0,0,0,1,1,0,1,0,train,train\fractured\IMG0002317.png
IMG0001082.jpg,1,0,0,0,0,0,0,0,0,0,1,0,train,train\non_fractured\IMG0001082.png
IMG0003496.jpg,1,0,0,0,0,0,0,0,0,0,1,0,train,train\non_fractured\IMG0003496.png
IMG0000388.jpg,1,0,0,0,0,0,0,0,0,1,0,0,train,train\non_fractured\IMG0000388.png
IMG0003905.jpg,1,0,0,0,0,0,0,1,2,1,0,0,train,train\fractured\IMG0003905.png
IMG0003623.jpg,1,0,0,0,0,0,0,0,0,1,0,0,train,train\non_fractured\IMG0003623.png
IMG0001777.jpg,1,0,0,0,0,0,0,0,0,1,0,0,train,train\non_fractured\IMG0001777.png
IMG0000999.jpg,1,0,0,0,0,0,0,0,0,1,0,0,train,train\non_fractured\IMG0000999.png
IMG0003755.jpg,1,0,0,1,1,0,0,0,0,1,0,0,train,train\non_fractured\IMG0003755.png
IMG0003866.jpg,1,0,0,0,0,0,0,0,0,0,0,1,train,train\non_fractured\IMG0003866.png
IMG0000032.jpg,1,0,0,0,0,0,0,0,0,1,0,0,train,train\non_fractured\IMG0000032.png
IMG0001120.jpg,1,0,0,0,0,0,0,0,0,0,1,0,train,train\non_fractured\IMG0001120.png
88 Male (A View).jpg,1,0,0,0,0,0,0,1,,,,,train,train\fractured\88 Male (A View).png
IMG0004217.jpg,1,0,0,0,0,0,0,1,1,0,1,0,train,train\fractured\IMG0004217.png
IMG0001163.jpg,1,0,0,0,0,0,0,0,0,0,1,0,train,train\non_fractured\IMG0001163.png
IMG0003419.jpg,1,0,0,0,0,1,0,1,1,1,0,0,train,train\fractured\IMG0003419.png
IMG0004189.jpg,1,0,0,0,0,0,0,0,0,0,1,0,train,train\non_fractured\IMG0004189.png
IMG0000676.jpg,1,0,0,1,1,0,0,0,0,1,0,0,train,train\non_fractured\IMG0000676.png
IMG0000848.jpg,1,0,0,1,1,0,0,0,0,1,0,0,train,train\non_fractured\IMG0000848.png
IMG0002361.jpg,1,0,0,0,0,0,0,1,1,1,0,0,train,train\fractured\IMG0002361.png
IMG0003277.jpg,1,0,0,0,0,0,0,0,0,1,0,0,train,train\non_fractured\IMG0003277.png
IMG0001356.jpg,1,0,0,0,0,0,0,0,0,1,0,0,train,train\non_fractured\IMG0001356.png
IMG0004021.jpg,1,0,0,1,1,0,0,0,0,1,0,0,train,train\non_fractured\IMG0004021.png
43 Male (A View).jpg,1,0,0,0,0,0,0,1,,,,,train,train\fractured\43 Male (A View).png
IMG0001286.jpg,1,0,0,1,1,0,0,0,0,1,1,0,train,train\non_fractured\IMG0001286.png
IMG0000761.jpg,1,0,0,0,0,0,0,0,0,0,1,0,train,train\non_fractured\IMG0000761.png
IMG0002225.jpg,1,0,0,0,0,0,1,1,2,1,0,1,train,train\fractured\IMG0002225.png
IMG0000834.jpg,1,0,0,0,0,0,0,0,0,1,0,0,train,train\non_fractured\IMG0000834.png
32.jpg,1,0,0,0,0,0,0,0,,,,,train,train\non_fractured\32.png
IMG0002064.jpg,1,0,0,0,0,0,0,0,0,1,0,0,train,train\non_fractured\IMG0002064.png
IMG0004071.jpg,1,0,0,0,0,0,0,1,1,0,1,0,train,train\fractured\IMG0004071.png
IMG0003321.jpg,1,0,0,0,0,0,0,0,0,0,1,0,train,train\non_fractured\IMG0003321.png
IMG0003604.jpg,1,0,0,0,0,0,0,0,0,1,0,0,train,train\non_fractured\IMG0003604.png
IMG0001683.jpg,1,0,0,0,0,0,0,0,0,1,0,0,train,train\non_fractured\IMG0001683.png
IMG0002742.jpg,1,0,0,0,0,0,0,0,0,1,0,0,train,train\non_fractured\IMG0002742.png
IMG0002362.jpg,1,0,0,0,0,0,0,1,1,0,1,0,train,train\fractured\IMG0002362.png
IMG0003482.jpg,1,0,0,0,0,0,0,0,0,0,1,0,train,train\non_fractured\IMG0003482.png
IMG0000794.jpg,1,0,0,0,0,0,0,0,0,0,0,1,train,train\non_fractured\IMG0000794.png
IMG0003917.jpg,1,0,0,0,0,0,0,0,0,0,0,1,train,train\non_fractured\IMG0003917.png
IMG0002397.jpg,1,0,0,0,0,0,0,1,2,0,0,1,train,train\fractured\IMG0002397.png
IMG0004118.jpg,1,0,0,0,0,0,0,0,0,0,1,0,train,train\non_fractured\IMG0004118.png
IMG0003094.jpg,1,0,0,0,0,0,0,1,1,0,1,0,train,train\fractured\IMG0003094.png
IMG0004061.jpg,1,0,0,0,0,0,0,1,1,0,1,0,train,train\fractured\IMG0004061.png
IMG0003173.jpg,1,0,0,0,0,0,0,0,0,1,0,0,train,train\non_fractured\IMG0003173.png
IMG0003134.jpg,1,0,0,0,0,0,0,0,0,0,1,0,train,train\non_fractured\IMG0003134.png
IMG0000408.jpg,1,0,0,0,0,0,0,0,0,0,0,1,train,train\non_fractured\IMG0000408.png
IMG0002649.jpg,1,0,0,0,0,0,0,0,0,0,1,0,train,train\non_fractured\IMG0002649.png
IMG0004012.jpg,1,0,0,0,0,0,0,0,0,0,1,0,train,train\non_fractured\IMG0004012.png
IMG0001601.jpg,1,0,0,0,0,0,0,0,0,0,1,0,train,train\non_fractured\IMG0001601.png
IMG0000289.jpg,1,0,0,0,0,0,1,0,0,1,1,0,train,train\non_fractured\IMG0000289.png
IMG0003638.jpg,1,0,0,0,0,0,0,0,0,0,1,0,train,train\non_fractured\IMG0003638.png
IMG0003644.jpg,1,0,0,0,0,0,0,0,0,0,0,1,train,train\non_fractured\IMG0003644.png
IMG0004072.jpg,1,0,0,0,0,0,0,1,2,1,0,0,train,train\fractured\IMG0004072.png
IMG0001209.jpg,1,0,0,0,0,0,0,0,0,1,0,0,train,train\non_fractured\IMG0001209.png
7.jpg,1,0,0,0,0,0,0,0,,,,,train,train\non_fractured\7.png
IMG0000088.jpg,1,0,0,0,0,0,0,0,0,1,1,0,train,train\non_fractured\IMG0000088.png
IMG0003283.jpg,1,0,0,0,0,0,0,0,0,1,0,0,train,train\non_fractured\IMG0003283.png
45.jpg,1,0,0,0,0,0,0,0,,,,,train,train\non_fractured\45.png
43.jpg,1,0,0,0,0,0,0,0,,,,,train,train\non_fractured\43.png
IMG0002679.jpg,1,0,0,0,0,0,0,0,0,0,0,1,train,train\non_fractured\IMG0002679.png
IMG0001172.jpg,1,0,0,0,0,0,0,0,0,1,0,0,train,train\non_fractured\IMG0001172.png
IMG0003294.jpg,1,0,0,0,0,0,0,1,1,0,1,0,train,train\fractured\IMG0003294.png
IMG0002088.jpg,1,0,0,0,0,0,0,0,0,0,1,0,train,train\non_fractured\IMG0002088.png
IMG0003951.jpg,1,0,0,0,0,0,0,0,0,0,1,0,train,train\non_fractured\IMG0003951.png
IMG0003937.jpg,1,0,0,1,1,0,0,0,0,1,0,0,train,train\non_fractured\IMG0003937.png
IMG0000381.jpg,1,0,0,0,0,0,0,0,0,1,0,0,train,train\non_fractured\IMG0000381.png
IMG0003530.jpg,1,0,0,0,0,0,0,0,0,0,1,0,train,train\non_fractured\IMG0003530.png
IMG0001903.jpg,1,0,0,0,0,0,0,0,0,0,1,0,train,train\non_fractured\IMG0001903.png
IMG0002327.jpg,1,0,0,0,0,0,0,1,2,1,0,0,train,train\fractured\IMG0002327.png
IMG0002328.jpg,1,0,0,0,0,0,0,1,2,0,1,0,train,train\fractured\IMG0002328.png
IMG0001140.jpg,1,0,0,0,0,0,0,0,0,1,0,0,train,train\non_fractured\IMG0001140.png
IMG0002886.jpg,1,0,0,0,0,0,0,1,1,0,1,0,train,train\fractured\IMG0002886.png
IMG0000692.jpg,1,0,0,0,0,0,0,1,2,1,1,0,train,train\fractured\IMG0000692.png
IMG0002745.jpg,1,0,0,0,0,0,0,1,2,1,0,0,train,train\fractured\IMG0002745.png
IMG0000892.jpg,1,0,0,0,0,0,0,0,0,0,0,1,train,train\non_fractured\IMG0000892.png
IMG0004116.jpg,1,0,0,0,0,0,0,1,1,1,0,0,train,train\fractured\IMG0004116.png
IMG0001837.jpg,1,0,0,0,0,0,0,0,0,0,0,1,train,train\non_fractured\IMG0001837.png
IMG0002218.jpg,1,0,0,0,0,0,1,0,0,1,1,0,train,train\non_fractured\IMG0002218.png
IMG0000380.jpg,1,0,0,0,0,0,0,0,0,0,1,0,train,train\non_fractured\IMG0000380.png
IMG0001152.jpg,1,0,0,0,0,0,0,1,1,0,1,0,train,train\fractured\IMG0001152.png
IMG0002532.jpg,1,0,0,0,0,0,0,1,1,0,1,0,train,train\fractured\IMG0002532.png
IMG0000046.jpg,1,0,0,0,0,0,0,0,0,0,1,0,train,train\non_fractured\IMG0000046.png
29.jpg,1,0,0,0,0,0,0,0,,,,,train,train\non_fractured\29.png
IMG0003233.jpg,1,0,0,0,0,0,0,1,1,1,0,0,train,train\fractured\IMG0003233.png
IMG0003203.jpg,1,0,0,0,0,0,0,0,0,1,0,0,train,train\non_fractured\IMG0003203.png
IMG0000755.jpg,1,0,0,0,0,0,0,0,0,1,1,0,train,train\non_fractured\IMG0000755.png
IMG0004291.jpg,1,0,0,0,0,0,0,0,0,0,1,0,train,train\non_fractured\IMG0004291.png
IMG0003463.jpg,1,0,0,0,0,0,0,0,0,0,1,0,train,train\non_fractured\IMG0003463.png
IMG0002574.jpg,1,0,0,0,0,1,1,1,2,1,1,0,train,train\fractured\IMG0002574.png
IMG0001064.jpg,1,0,0,0,0,0,0,0,0,0,0,1,train,train\non_fractured\IMG0001064.png
IMG0003561.jpg,1,0,0,0,0,0,0,0,0,0,1,0,train,train\non_fractured\IMG0003561.png
IMG0003155.jpg,1,0,0,0,0,0,1,0,0,1,1,0,train,train\non_fractured\IMG0003155.png
IMG0002743.jpg,1,0,0,0,0,0,0,0,0,1,0,0,train,train\non_fractured\IMG0002743.png
IMG0002912.jpg,1,0,0,1,1,0,0,0,0,1,0,0,train,train\non_fractured\IMG0002912.png
IMG0002503.jpg,1,0,0,1,1,0,0,1,1,1,0,0,train,train\fractured\IMG0002503.png
IMG0002177.jpg,1,0,0,0,0,0,1,0,0,1,0,0,train,train\non_fractured\IMG0002177.png
87 F (A View).jpg,1,0,0,0,0,0,0,1,,,,,train,train\fractured\87 F (A View).png
IMG0003655.jpg,1,0,0,0,0,0,0,0,0,1,0,0,train,train\non_fractured\IMG0003655.png
IMG0001927.jpg,1,0,0,0,0,0,0,0,0,1,0,0,train,train\non_fractured\IMG0001927.png
IMG0001765.jpg,1,0,0,0,0,0,0,0,0,1,0,0,train,train\non_fractured\IMG0001765.png
IMG0003756.jpg,1,0,0,1,1,0,0,0,0,1,0,0,train,train\non_fractured\IMG0003756.png
IMG0003081.jpg,1,0,0,0,0,0,0,0,0,1,0,0,train,train\non_fractured\IMG0003081.png
IMG0002940.jpg,1,0,0,0,0,0,0,0,0,1,0,0,train,train\non_fractured\IMG0002940.png
IMG0002808.jpg,1,0,0,1,1,0,0,0,0,1,0,0,train,train\non_fractured\IMG0002808.png
IMG0002576.jpg,1,0,0,0,0,0,1,1,2,1,1,0,train,train\fractured\IMG0002576.png
IMG0001939.jpg,1,0,0,0,0,0,0,1,1,1,0,0,train,train\fractured\IMG0001939.png
IMG0004223.jpg,1,0,0,0,0,0,0,0,0,1,0,0,train,train\non_fractured\IMG0004223.png
IMG0001224.jpg,1,0,0,0,0,0,0,0,0,0,1,0,train,train\non_fractured\IMG0001224.png
IMG0002488.jpg,1,0,0,1,1,1,0,1,1,0,1,0,train,train\fractured\IMG0002488.png
IMG0003400.jpg,1,0,0,0,0,0,0,0,0,1,0,0,train,train\non_fractured\IMG0003400.png
IMG0001637.jpg,1,0,0,0,0,0,0,0,0,1,0,0,train,train\non_fractured\IMG0001637.png
75.jpg,1,0,0,0,0,0,0,0,,,,,train,train\non_fractured\75.png
IMG0000861.jpg,1,0,0,0,0,0,0,0,0,0,1,0,train,train\non_fractured\IMG0000861.png
IMG0000035.jpg,1,0,0,0,0,0,0,0,0,1,0,0,train,train\non_fractured\IMG0000035.png
7 Male (L View).jpg,1,0,0,0,0,0,0,1,,,,,train,train\fractured\7 Male (L View).png
56.jpg,1,0,0,0,0,0,0,0,,,,,train,train\non_fractured\56.png
IMG0002152.jpg,1,0,0,0,0,0,0,0,0,1,0,0,train,train\non_fractured\IMG0002152.png
IMG0001000.jpg,1,0,0,0,0,0,0,0,0,0,0,1,train,train\non_fractured\IMG0001000.png
IMG0003215.jpg,1,0,0,0,0,0,0,0,0,1,0,0,train,train\non_fractured\IMG0003215.png
73.jpg,1,0,0,0,0,0,0,0,,,,,train,train\non_fractured\73.png
IMG0002272.jpg,1,0,0,0,0,0,1,1,2,1,0,1,train,train\fractured\IMG0002272.png
58 F (L View).jpg,1,0,0,0,0,0,0,1,,,,,train,train\fractured\58 F (L View).png
IMG0000385.jpg,1,0,0,0,0,0,0,0,0,1,0,0,train,train\non_fractured\IMG0000385.png
IMG0003629.jpg,1,0,0,0,0,0,0,0,0,1,0,0,train,train\non_fractured\IMG0003629.png
IMG0003280.jpg,1,0,0,0,0,0,0,1,1,0,1,0,train,train\fractured\IMG0003280.png
45 F (A View).jpg,1,0,0,0,0,0,0,1,,,,,train,train\fractured\45 F (A View).png
IMG0001427.jpg,1,0,0,0,0,0,0,0,0,1,0,0,train,train\non_fractured\IMG0001427.png
IMG0001831.jpg,1,0,0,0,0,0,0,0,0,1,0,0,train,train\non_fractured\IMG0001831.png
IMG0002098.jpg,1,0,0,0,0,0,0,0,0,0,0,1,train,train\non_fractured\IMG0002098.png
IMG0001347.jpg,1,0,0,1,1,0,0,0,0,1,1,0,train,train\non_fractured\IMG0001347.png
IMG0000862.jpg,1,0,0,0,0,0,0,0,0,1,0,0,train,train\non_fractured\IMG0000862.png
IMG0001850.jpg,1,0,0,0,0,0,0,0,0,1,0,0,train,train\non_fractured\IMG0001850.png
58.jpg,1,0,0,0,0,0,0,0,,,,,train,train\non_fractured\58.png
39 F (A View).jpg,1,0,0,0,0,0,0,1,,,,,train,train\fractured\39 F (A View).png
IMG0004067.jpg,1,0,0,0,0,0,0,1,1,1,0,0,train,train\fractured\IMG0004067.png
IMG0000674.jpg,1,0,0,0,0,0,0,0,0,1,0,0,train,train\non_fractured\IMG0000674.png
IMG0000624.jpg,1,0,0,1,1,0,0,0,0,1,0,0,train,train\non_fractured\IMG0000624.png
IMG0004018.jpg,1,0,0,0,0,0,0,0,0,0,1,0,train,train\non_fractured\IMG0004018.png
IMG0000383.jpg,1,0,0,0,0,0,0,0,0,1,0,0,train,train\non_fractured\IMG0000383.png
IMG0001682.jpg,1,0,0,0,0,0,0,0,0,1,0,0,train,train\non_fractured\IMG0001682.png
IMG0000661.jpg,1,0,0,0,0,0,0,0,0,1,0,0,train,train\non_fractured\IMG0000661.png
IMG0001663.jpg,1,0,0,0,0,0,0,0,0,0,1,0,train,train\non_fractured\IMG0001663.png
IMG0002394.jpg,1,0,0,0,0,0,1,1,2,0,1,0,train,train\fractured\IMG0002394.png
87 F (L View).jpg,1,0,0,0,0,0,0,1,,,,,train,train\fractured\87 F (L View).png
IMG0000512.jpg,1,0,0,0,0,0,0,0,0,0,1,0,train,train\non_fractured\IMG0000512.png
IMG0000529.jpg,1,0,0,1,1,0,0,0,0,1,0,0,train,train\non_fractured\IMG0000529.png
IMG0001970.jpg,1,0,0,0,0,1,0,1,1,1,0,0,train,train\fractured\IMG0001970.png
IMG0001545.jpg,1,0,0,0,0,0,0,0,0,0,1,0,train,train\non_fractured\IMG0001545.png
IMG0003846.jpg,1,0,0,0,0,0,0,0,0,0,1,0,train,train\non_fractured\IMG0003846.png
IMG0000671.jpg,1,0,0,0,0,0,0,1,2,1,1,0,train,train\fractured\IMG0000671.png
IMG0003677.jpg,1,0,0,0,0,0,0,0,0,1,0,0,train,train\non_fractured\IMG0003677.png
9 Male (A View).jpg,1,0,0,0,0,0,0,1,,,,,train,train\fractured\9 Male (A View).png
IMG0000045.jpg,1,0,0,0,0,0,0,0,0,1,0,0,train,train\non_fractured\IMG0000045.png
IMG0001794.jpg,1,0,0,0,0,0,0,0,0,0,1,0,train,train\non_fractured\IMG0001794.png
IMG0002312.jpg,1,0,0,0,0,0,0,1,1,0,1,0,train,train\fractured\IMG0002312.png
IMG0000367.jpg,1,0,0,0,0,0,0,0,0,1,0,0,train,train\non_fractured\IMG0000367.png
IMG0001546.jpg,1,0,0,0,0,0,0,1,1,0,1,0,train,train\fractured\IMG0001546.png
IMG0000625.jpg,1,0,0,0,0,0,0,0,0,1,0,0,train,train\non_fractured\IMG0000625.png
IMG0002392.jpg,1,0,0,0,0,0,1,1,2,1,1,0,train,train\fractured\IMG0002392.png
IMG0004243.jpg,1,0,0,0,0,0,0,0,0,0,1,0,train,train\non_fractured\IMG0004243.png
IMG0003879.jpg,1,0,0,0,0,0,0,0,0,0,0,1,train,train\non_fractured\IMG0003879.png
44.jpg,1,0,0,0,0,0,0,0,,,,,train,train\non_fractured\44.png
IMG0003101.jpg,1,0,0,0,0,0,0,1,1,1,0,0,train,train\fractured\IMG0003101.png
IMG0000827.jpg,1,0,0,0,0,0,0,0,0,1,0,0,train,train\non_fractured\IMG0000827.png
IMG0001039.jpg,1,0,0,1,1,0,0,0,0,1,0,0,train,train\non_fractured\IMG0001039.png
IMG0003325.jpg,1,0,0,1,1,0,0,0,0,1,0,0,train,train\non_fractured\IMG0003325.png
IMG0002726.jpg,1,0,0,0,0,0,0,0,0,1,0,0,train,train\non_fractured\IMG0002726.png
IMG0002382.jpg,1,0,0,0,0,0,1,1,3,1,1,0,train,train\fractured\IMG0002382.png
IMG0002564.jpg,1,0,0,0,0,0,1,1,2,1,1,0,train,train\fractured\IMG0002564.png
IMG0003512.jpg,1,0,0,0,0,0,0,0,0,0,1,0,train,train\non_fractured\IMG0003512.png
IMG0004123.jpg,1,0,0,0,0,0,0,0,0,0,0,1,train,train\non_fractured\IMG0004123.png
IMG0000702.jpg,1,0,0,0,0,0,0,1,1,0,1,0,train,train\fractured\IMG0000702.png
IMG0001739.jpg,1,0,0,0,0,0,0,1,1,0,1,0,train,train\fractured\IMG0001739.png
IMG0000536.jpg,1,0,1,1,1,0,0,0,0,1,1,0,train,train\non_fractured\IMG0000536.png
IMG0001611.jpg,1,0,0,0,0,0,0,0,0,0,1,0,train,train\non_fractured\IMG0001611.png
IMG0002358.jpg,1,0,0,0,0,0,0,1,1,1,1,0,train,train\fractured\IMG0002358.png
IMG0004201.jpg,1,0,0,0,0,0,0,0,0,0,0,1,train,train\non_fractured\IMG0004201.png
IMG0000142.jpg,1,0,0,1,1,0,0,1,1,1,0,0,train,train\fractured\IMG0000142.png
IMG0001308.jpg,1,0,0,0,0,0,0,0,0,0,1,0,train,train\non_fractured\IMG0001308.png
IMG0001257.jpg,1,0,0,0,0,0,0,0,0,1,0,0,train,train\non_fractured\IMG0001257.png
IMG0002822.jpg,1,0,0,0,0,0,0,0,0,1,0,0,train,train\non_fractured\IMG0002822.png
IMG0002955.jpg,1,0,0,0,0,0,0,0,0,1,0,0,train,train\non_fractured\IMG0002955.png
IMG0003556.jpg,1,0,0,1,1,0,0,0,0,1,0,0,train,train\non_fractured\IMG0003556.png
85 Male (A View).jpg,1,0,0,0,0,0,0,1,,,,,train,train\fractured\85 Male (A View).png
IMG0003872.jpg,1,0,0,1,1,0,0,0,0,1,0,0,train,train\non_fractured\IMG0003872.png
37 Male (A View).jpg,1,0,0,0,0,0,0,1,,,,,train,train\fractured\37 Male (A View).png
IMG0000360.jpg,1,0,0,0,0,0,0,0,0,0,0,1,train,train\non_fractured\IMG0000360.png
IMG0000146.jpg,1,0,0,0,0,0,0,0,0,0,1,0,train,train\non_fractured\IMG0000146.png
IMG0001301.jpg,1,0,0,0,0,0,1,0,0,1,0,0,train,train\non_fractured\IMG0001301.png
IMG0001385.jpg,1,0,0,1,1,0,0,0,0,1,0,0,train,train\non_fractured\IMG0001385.png
IMG0003393.jpg,1,0,0,0,0,0,0,0,0,0,1,0,train,train\non_fractured\IMG0003393.png
67 Male (L View).jpg,1,0,0,0,0,0,0,1,,,,,train,train\fractured\67 Male (L View).png
IMG0002467.jpg,1,0,0,0,0,0,1,1,2,0,1,0,train,train\fractured\IMG0002467.png
IMG0000036.jpg,1,0,0,0,0,0,0,0,0,0,0,1,train,train\non_fractured\IMG0000036.png
IMG0003088.jpg,1,0,0,0,0,0,0,0,0,1,0,0,train,train\non_fractured\IMG0003088.png
IMG0002126.jpg,1,0,0,0,0,0,0,1,1,1,0,0,train,train\fractured\IMG0002126.png
IMG0000749.jpg,1,0,0,0,0,0,0,0,0,1,0,0,train,train\non_fractured\IMG0000749.png
IMG0003371.jpg,1,0,0,0,0,0,0,0,0,1,0,0,train,train\non_fractured\IMG0003371.png
IMG0003097.jpg,1,0,0,0,0,0,0,0,0,1,0,0,train,train\non_fractured\IMG0003097.png
IMG0001279.jpg,1,0,0,0,0,0,0,0,0,0,1,0,train,train\non_fractured\IMG0001279.png
57.jpg,1,0,0,0,0,0,0,0,,,,,train,train\non_fractured\57.png
IMG0003509.jpg,1,0,0,0,0,0,0,1,1,1,0,0,train,train\fractured\IMG0003509.png
IMG0000144.jpg,1,0,0,1,1,0,0,1,1,1,1,0,train,train\fractured\IMG0000144.png
IMG0003570.jpg,1,0,0,1,1,0,0,0,0,1,0,0,train,train\non_fractured\IMG0003570.png
IMG0000865.jpg,1,0,0,1,1,0,0,0,0,1,0,0,train,train\non_fractured\IMG0000865.png
IMG0001105.jpg,1,0,0,0,0,0,0,0,0,0,1,0,train,train\non_fractured\IMG0001105.png
IMG0000101.jpg,1,0,0,0,0,0,0,0,0,1,0,0,train,train\non_fractured\IMG0000101.png
IMG0000644.jpg,1,0,0,0,0,0,0,0,0,1,0,0,train,train\non_fractured\IMG0000644.png
IMG0002516.jpg,1,0,0,0,0,0,0,1,1,1,0,0,train,train\fractured\IMG0002516.png
IMG0003172.jpg,1,0,0,0,0,0,0,1,1,0,1,0,train,train\fractured\IMG0003172.png
IMG0002359.jpg,1,0,0,0,0,0,0,1,1,1,0,0,train,train\fractured\IMG0002359.png
IMG0002421.jpg,1,0,0,0,0,0,1,1,3,0,1,1,train,train\fractured\IMG0002421.png
IMG0002325.jpg,1,0,0,1,1,0,0,1,2,1,1,0,train,train\fractured\IMG0002325.png
IMG0001353.jpg,1,0,0,0,0,0,0,0,0,1,0,0,train,train\non_fractured\IMG0001353.png
IMG0001374.jpg,1,0,0,1,1,0,0,0,0,1,1,0,train,train\non_fractured\IMG0001374.png
IMG0000337.jpg,1,0,0,0,0,0,0,0,0,0,0,1,train,train\non_fractured\IMG0000337.png
IMG0001717.jpg,1,0,0,1,1,0,0,0,0,1,0,0,train,train\non_fractured\IMG0001717.png
IMG0003586.jpg,1,0,0,0,0,0,0,1,2,1,0,0,train,train\fractured\IMG0003586.png
IMG0001608.jpg,1,0,0,1,1,0,0,0,0,1,0,0,train,train\non_fractured\IMG0001608.png
IMG0001491.jpg,1,0,0,1,1,0,0,0,0,1,0,0,train,train\non_fractured\IMG0001491.png
IMG0004016.jpg,1,0,0,0,0,0,0,0,0,0,1,0,train,train\non_fractured\IMG0004016.png
IMG0000112.jpg,1,0,0,0,0,0,0,0,0,0,0,1,train,train\non_fractured\IMG0000112.png
IMG0003991.jpg,1,0,0,0,0,0,0,0,0,1,0,0,train,train\non_fractured\IMG0003991.png
IMG0003689.jpg,1,0,0,1,1,0,0,0,0,1,0,0,train,train\non_fractured\IMG0003689.png
IMG0002281.jpg,1,0,0,1,1,0,0,0,0,1,0,0,train,train\non_fractured\IMG0002281.png
20.jpg,1,0,0,0,0,0,0,0,,,,,train,train\non_fractured\20.png
50.jpg,1,0,0,0,0,0,0,0,,,,,train,train\non_fractured\50.png
IMG0001110.jpg,1,0,0,0,0,0,0,0,0,0,0,1,train,train\non_fractured\IMG0001110.png
IMG0002935.jpg,1,0,0,0,0,0,0,1,1,0,1,0,train,train\fractured\IMG0002935.png
IMG0001091.jpg,1,0,0,0,0,0,0,0,0,1,0,0,train,train\non_fractured\IMG0001091.png
IMG0000783.jpg,1,0,0,0,0,0,0,0,0,0,1,0,train,train\non_fractured\IMG0000783.png
IMG0004187.jpg,1,0,0,0,0,0,0,1,1,0,1,0,train,train\fractured\IMG0004187.png
IMG0000818.jpg,1,0,0,0,0,0,0,0,0,0,1,0,train,train\non_fractured\IMG0000818.png
IMG0000851.jpg,1,0,0,0,0,0,0,1,2,1,0,0,train,train\fractured\IMG0000851.png
IMG0002600.jpg,1,0,0,0,0,0,0,1,1,1,0,0,train,train\fractured\IMG0002600.png
IMG0003712.jpg,1,0,0,0,0,0,0,1,1,1,0,0,train,train\fractured\IMG0003712.png
86 F (L View).jpg,1,0,0,0,0,0,0,1,,,,,train,train\fractured\86 F (L View).png
IMG0000478.jpg,1,0,0,0,0,0,0,0,0,0,0,1,train,train\non_fractured\IMG0000478.png
IMG0003918.jpg,1,0,0,0,0,0,0,0,0,1,0,0,train,train\non_fractured\IMG0003918.png
IMG0002884.jpg,1,0,0,0,0,0,0,0,0,0,1,0,train,train\non_fractured\IMG0002884.png
IMG0004121.jpg,1,0,0,0,0,0,0,0,0,1,0,0,train,train\non_fractured\IMG0004121.png
IMG0000581.jpg,1,0,0,0,0,0,0,0,0,0,1,0,train,train\non_fractured\IMG0000581.png
IMG0001151.jpg,1,0,0,0,0,0,0,1,1,1,0,0,train,train\fractured\IMG0001151.png
11 Male (A View).jpg,1,0,0,0,0,0,0,1,,,,,train,train\fractured\11 Male (A View).png
IMG0002524.jpg,1,0,0,0,0,0,0,1,2,1,0,0,train,train\fractured\IMG0002524.png
IMG0001954.jpg,1,0,0,0,0,0,0,0,0,0,1,0,train,train\non_fractured\IMG0001954.png
IMG0001207.jpg,1,0,0,0,0,0,0,0,0,0,1,0,train,train\non_fractured\IMG0001207.png
IMG0003293.jpg,1,0,0,0,0,0,0,1,1,1,0,0,train,train\fractured\IMG0003293.png
IMG0001372.jpg,1,0,0,0,0,0,0,0,0,0,1,0,train,train\non_fractured\IMG0001372.png
IMG0000166.jpg,1,0,0,0,0,0,0,0,0,0,0,1,train,train\non_fractured\IMG0000166.png
IMG0003768.jpg,1,0,0,0,0,0,0,0,0,1,0,0,train,train\non_fractured\IMG0003768.png
IMG0004236.jpg,1,0,0,0,0,0,0,0,0,1,0,0,train,train\non_fractured\IMG0004236.png
IMG0001109.jpg,1,0,0,0,0,0,0,0,0,1,0,0,train,train\non_fractured\IMG0001109.png
IMG0003986.jpg,1,0,0,0,0,0,0,0,0,0,1,0,train,train\non_fractured\IMG0003986.png
IMG0003373.jpg,1,0,0,0,0,0,0,1,2,1,0,0,train,train\fractured\IMG0003373.png
IMG0003733.jpg,1,0,0,0,0,0,0,1,1,1,0,0,train,train\fractured\IMG0003733.png
IMG0000382.jpg,1,0,0,0,0,0,0,0,0,0,1,0,train,train\non_fractured\IMG0000382.png
IMG0003390.jpg,1,0,0,0,0,0,0,0,0,1,0,0,train,train\non_fractured\IMG0003390.png
IMG0001616.jpg,1,0,0,1,1,0,0,0,0,1,0,0,train,train\non_fractured\IMG0001616.png
IMG0000663.jpg,1,0,0,0,0,0,0,0,0,0,0,1,train,train\non_fractured\IMG0000663.png
IMG0004182.jpg,1,0,0,0,0,0,0,0,0,1,0,0,train,train\non_fractured\IMG0004182.png
IMG0002582.jpg,1,0,0,1,1,1,0,1,1,0,1,0,train,train\fractured\IMG0002582.png
IMG0001857.jpg,1,0,0,0,0,0,0,0,0,0,1,0,train,train\non_fractured\IMG0001857.png
85 Male (L View).jpg,1,0,0,0,0,0,0,1,,,,,train,train\fractured\85 Male (L View).png
IMG0002299.jpg,1,0,0,0,0,0,1,1,2,1,1,0,train,train\fractured\IMG0002299.png
IMG0001914.jpg,1,0,0,0,0,0,0,0,0,1,0,0,train,train\non_fractured\IMG0001914.png
IMG0000641.jpg,1,0,0,0,0,0,0,0,0,0,1,0,train,train\non_fractured\IMG0000641.png
IMG0003926.jpg,1,0,0,0,0,0,0,1,1,1,0,0,train,train\fractured\IMG0003926.png
IMG0002581.jpg,1,0,0,0,0,0,1,1,2,1,1,0,train,train\fractured\IMG0002581.png
15 Male (A View).jpg,1,0,0,0,0,0,0,1,,,,,train,train\fractured\15 Male (A View).png
IMG0000520.jpg,1,0,0,0,0,0,0,0,0,1,0,0,train,train\non_fractured\IMG0000520.png
IMG0003311.jpg,1,0,0,0,0,0,0,1,1,0,0,1,train,train\fractured\IMG0003311.png
IMG0002834.jpg,1,0,0,0,0,0,0,1,1,0,1,0,train,train\fractured\IMG0002834.png
IMG0002934.jpg,1,0,0,0,0,0,0,1,1,1,0,0,train,train\fractured\IMG0002934.png
IMG0002658.jpg,1,0,0,0,0,0,0,0,0,1,0,0,train,train\non_fractured\IMG0002658.png
IMG0001198.jpg,1,0,0,0,0,0,0,1,1,1,0,0,train,train\fractured\IMG0001198.png
IMG0003148.jpg,1,0,0,1,1,0,0,0,0,1,0,0,train,train\non_fractured\IMG0003148.png
IMG0001628.jpg,1,0,0,0,0,0,0,0,0,0,1,0,train,train\non_fractured\IMG0001628.png
IMG0002334.jpg,1,0,0,0,0,0,0,1,1,0,1,0,train,train\fractured\IMG0002334.png
IMG0001258.jpg,1,0,0,0,0,0,0,0,0,0,1,0,train,train\non_fractured\IMG0001258.png
IMG0001706.jpg,1,0,0,0,0,0,0,0,0,0,0,1,train,train\non_fractured\IMG0001706.png
IMG0002413.jpg,1,0,0,0,0,0,0,1,2,1,0,0,train,train\fractured\IMG0002413.png
IMG0001277.jpg,1,0,0,0,0,0,0,0,0,1,0,0,train,train\non_fractured\IMG0001277.png
IMG0003560.jpg,1,0,0,0,0,0,0,0,0,1,0,0,train,train\non_fractured\IMG0003560.png
IMG0003807.jpg,1,0,0,0,0,0,0,0,0,1,0,0,train,train\non_fractured\IMG0003807.png
IMG0003065.jpg,1,0,0,0,0,0,0,0,0,1,0,0,train,train\non_fractured\IMG0003065.png
IMG0001627.jpg,1,0,0,0,0,0,0,0,0,1,0,0,train,train\non_fractured\IMG0001627.png
IMG0000057.jpg,1,0,0,1,1,0,0,1,1,0,0,1,train,train\fractured\IMG0000057.png
IMG0000147.jpg,1,0,0,1,1,0,0,0,0,1,0,0,train,train\non_fractured\IMG0000147.png
IMG0001005.jpg,1,0,0,0,0,0,0,0,0,1,0,0,train,train\non_fractured\IMG0001005.png
IMG0002602.jpg,1,0,0,0,0,1,0,1,1,1,0,0,train,train\fractured\IMG0002602.png
IMG0003064.jpg,1,0,0,0,0,0,0,0,0,0,1,0,train,train\non_fractured\IMG0003064.png
IMG0000439.jpg,1,0,0,1,1,0,0,0,0,1,0,0,train,train\non_fractured\IMG0000439.png
IMG0001640.jpg,1,0,0,0,0,0,0,1,1,0,1,0,train,train\fractured\IMG0001640.png
IMG0002857.jpg,1,0,0,0,0,0,0,0,0,1,0,0,train,train\non_fractured\IMG0002857.png
82 Male (A View).jpg,1,0,0,0,0,0,0,1,,,,,train,train\fractured\82 Male (A View).png
IMG0001907.jpg,1,0,0,1,1,0,0,0,0,1,1,0,train,train\non_fractured\IMG0001907.png
IMG0000338.jpg,1,0,0,0,0,0,0,0,0,1,0,0,train,train\non_fractured\IMG0000338.png
IMG0003793.jpg,1,0,0,0,0,0,0,0,0,0,1,0,train,train\non_fractured\IMG0003793.png
IMG0001517.jpg,1,0,0,0,0,0,0,0,0,1,0,0,train,train\non_fractured\IMG0001517.png
IMG0001225.jpg,1,0,0,0,0,0,0,0,0,1,0,0,train,train\non_fractured\IMG0001225.png
IMG0002331.jpg,1,0,0,0,0,0,0,1,1,0,1,0,train,train\fractured\IMG0002331.png
13.jpg,1,0,0,0,0,0,0,0,,,,,train,train\non_fractured\13.png
IMG0000059.jpg,1,0,0,1,1,0,0,1,1,0,1,0,train,train\fractured\IMG0000059.png
54 Male (A View).jpg,1,0,0,0,0,0,0,1,,,,,train,train\fractured\54 Male (A View).png
68.jpg,1,0,0,0,0,0,0,0,,,,,train,train\non_fractured\68.png
IMG0001770.jpg,1,0,0,0,0,0,0,0,0,0,1,0,train,train\non_fractured\IMG0001770.png
IMG0000764.jpg,1,0,0,1,1,0,0,0,0,1,0,0,train,train\non_fractured\IMG0000764.png
IMG0000577.jpg,1,0,0,0,0,0,0,0,0,0,1,0,train,train\non_fractured\IMG0000577.png
IMG0000252.jpg,1,0,0,0,0,0,0,0,0,1,0,0,train,train\non_fractured\IMG0000252.png
IMG0003422.jpg,1,0,0,0,0,0,0,0,0,0,0,1,train,train\non_fractured\IMG0003422.png
IMG0001990.jpg,1,0,0,1,1,0,0,0,0,1,0,0,train,train\non_fractured\IMG0001990.png
IMG0002584.jpg,1,0,0,0,0,1,0,1,1,0,1,0,train,train\fractured\IMG0002584.png
IMG0002364.jpg,1,0,0,0,0,0,0,1,1,1,0,0,train,train\fractured\IMG0002364.png
IMG0003113.jpg,1,0,0,0,0,0,0,0,0,1,0,0,train,train\non_fractured\IMG0003113.png
IMG0000759.jpg,1,0,0,0,0,0,0,0,0,1,0,0,train,train\non_fractured\IMG0000759.png
IMG0000020.jpg,1,0,0,0,0,0,0,0,0,0,1,0,train,train\non_fractured\IMG0000020.png
IMG0000824.jpg,1,0,0,0,0,0,0,0,0,0,0,1,train,train\non_fractured\IMG0000824.png
IMG0001197.jpg,1,0,0,1,1,0,0,0,0,1,0,0,train,train\non_fractured\IMG0001197.png
IMG0002777.jpg,1,0,0,0,0,0,0,0,0,0,1,0,train,train\non_fractured\IMG0002777.png
IMG0003998.jpg,1,0,0,0,0,0,0,0,0,1,0,0,train,train\non_fractured\IMG0003998.png
IMG0003753.jpg,1,0,0,1,1,0,0,0,0,1,0,0,train,train\non_fractured\IMG0003753.png
68 F (L View).jpg,1,0,0,0,0,0,0,1,,,,,train,train\fractured\68 F (L View).png
IMG0002136.jpg,1,0,0,0,0,0,1,0,0,1,1,0,train,train\non_fractured\IMG0002136.png
IMG0003634.jpg,1,0,0,0,0,0,0,0,0,0,0,1,train,train\non_fractured\IMG0003634.png
IMG0001835.jpg,1,0,0,0,0,0,0,0,0,1,0,0,train,train\non_fractured\IMG0001835.png
IMG0003961.jpg,1,0,0,0,0,0,0,0,0,0,1,0,train,train\non_fractured\IMG0003961.png
IMG0002561.jpg,1,0,0,0,0,0,1,1,2,1,1,0,train,train\fractured\IMG0002561.png
IMG0003789.jpg,1,0,0,0,0,0,0,0,0,0,1,0,train,train\non_fractured\IMG0003789.png
IMG0002741.jpg,1,0,0,0,0,0,0,0,0,0,1,0,train,train\non_fractured\IMG0002741.png
IMG0003063.jpg,1,0,0,0,0,0,0,0,0,1,0,0,train,train\non_fractured\IMG0003063.png
IMG0003041.jpg,1,0,0,0,0,0,0,0,0,0,0,1,train,train\non_fractured\IMG0003041.png
IMG0001728.jpg,1,0,0,1,1,0,0,0,0,1,0,0,train,train\non_fractured\IMG0001728.png
IMG0003825.jpg,1,0,0,1,1,0,0,0,0,1,0,0,train,train\non_fractured\IMG0003825.png
IMG0002939.jpg,1,0,0,0,0,0,0,0,0,0,1,0,train,train\non_fractured\IMG0002939.png
IMG0003551.jpg,1,0,0,0,0,0,0,0,0,1,0,0,train,train\non_fractured\IMG0003551.png
IMG0002612.jpg,1,0,0,0,0,1,0,1,1,0,1,0,train,train\fractured\IMG0002612.png
IMG0004059.jpg,1,0,0,0,0,0,0,0,0,1,0,0,train,train\non_fractured\IMG0004059.png
51 Male (L View).jpg,1,0,0,0,0,0,0,1,,,,,train,train\fractured\51 Male (L View).png
IMG0003278.jpg,1,0,0,0,0,0,0,0,0,0,1,0,train,train\non_fractured\IMG0003278.png
36 Male (A2 View).jpg,1,0,0,0,0,0,0,1,,,,,train,train\fractured\36 Male (A2 View).png
2 Male (A View).jpg,1,0,0,0,0,0,0,1,,,,,train,train\fractured\2 Male (A View).png
IMG0001909.jpg,1,0,0,0,0,0,0,0,0,1,0,0,train,train\non_fractured\IMG0001909.png
IMG0003295.jpg,1,0,0,1,1,0,0,0,0,1,0,0,train,train\non_fractured\IMG0003295.png
IMG0003454.jpg,1,0,0,1,1,0,0,0,0,1,0,0,train,train\non_fractured\IMG0003454.png
IMG0001766.jpg,1,0,0,0,0,0,0,0,0,0,1,0,train,train\non_fractured\IMG0001766.png
IMG0003096.jpg,1,1,0,0,1,0,0,0,0,0,1,0,train,train\non_fractured\IMG0003096.png
IMG0001137.jpg,1,0,0,0,0,0,0,0,0,0,1,0,train,train\non_fractured\IMG0001137.png
IMG0003808.jpg,1,0,0,0,0,0,0,0,0,1,0,0,train,train\non_fractured\IMG0003808.png
IMG0002109.jpg,1,0,0,0,0,0,0,0,0,1,0,0,train,train\non_fractured\IMG0002109.png
IMG0001915.jpg,1,0,0,0,0,0,0,0,0,0,1,0,train,train\non_fractured\IMG0001915.png
IMG0003109.jpg,1,0,0,0,0,0,0,0,0,1,0,0,train,train\non_fractured\IMG0003109.png
IMG0000514.jpg,1,0,0,0,0,0,0,0,0,1,0,0,train,train\non_fractured\IMG0000514.png
IMG0003480.jpg,1,0,0,0,0,0,0,0,0,0,1,0,train,train\non_fractured\IMG0003480.png
IMG0002167.jpg,1,0,0,0,0,0,0,0,0,1,0,0,train,train\non_fractured\IMG0002167.png
IMG0002512.jpg,1,0,0,0,0,0,0,1,1,0,1,0,train,train\fractured\IMG0002512.png
IMG0001901.jpg,1,0,0,0,0,0,1,0,0,1,1,0,train,train\non_fractured\IMG0001901.png
IMG0003323.jpg,1,0,0,0,0,0,0,0,0,0,1,0,train,train\non_fractured\IMG0003323.png
IMG0003420.jpg,1,0,0,0,0,1,0,1,1,0,1,0,train,train\fractured\IMG0003420.png
IMG0003395.jpg,1,0,0,0,0,0,0,1,2,0,1,0,train,train\fractured\IMG0003395.png
IMG0004017.jpg,1,0,0,0,0,0,0,0,0,0,0,1,train,train\non_fractured\IMG0004017.png
IMG0001223.jpg,1,0,0,0,0,0,0,0,0,1,0,0,train,train\non_fractured\IMG0001223.png
IMG0001104.jpg,1,0,0,0,0,0,0,0,0,1,0,0,train,train\non_fractured\IMG0001104.png
IMG0000111.jpg,1,0,0,0,0,0,0,0,0,1,0,0,train,train\non_fractured\IMG0000111.png
IMG0003738.jpg,1,0,0,1,1,0,0,0,0,1,0,0,train,train\non_fractured\IMG0003738.png
IMG0000604.jpg,1,0,0,1,1,0,0,0,0,1,1,0,train,train\non_fractured\IMG0000604.png
IMG0002913.jpg,1,0,0,1,1,0,0,0,0,1,1,0,train,train\non_fractured\IMG0002913.png
IMG0002282.jpg,1,0,0,0,0,0,1,0,0,1,0,1,train,train\non_fractured\IMG0002282.png
IMG0001285.jpg,1,0,0,1,1,0,0,0,0,1,0,0,train,train\non_fractured\IMG0001285.png
IMG0002097.jpg,1,0,0,0,0,0,0,0,0,1,0,0,train,train\non_fractured\IMG0002097.png
64 M (A View).jpg,1,0,0,0,0,0,0,1,,,,,train,train\fractured\64 M (A View).png
35 Male (L View).jpg,1,0,0,0,0,0,0,1,,,,,train,train\fractured\35 Male (L View).png
IMG0000214.jpg,1,0,0,0,0,0,0,0,0,1,0,0,train,train\non_fractured\IMG0000214.png
IMG0000887.jpg,1,0,0,1,1,0,0,0,0,1,0,0,train,train\non_fractured\IMG0000887.png
IMG0003845.jpg,1,0,0,0,0,0,0,0,0,1,0,0,train,train\non_fractured\IMG0003845.png
IMG0002300.jpg,1,0,0,0,0,0,1,1,2,1,1,0,train,train\fractured\IMG0002300.png
4.jpg,1,0,0,0,0,0,0,0,,,,,train,train\non_fractured\4.png
IMG0002579.jpg,1,0,0,1,1,0,0,1,1,0,1,0,train,train\fractured\IMG0002579.png
48 Male (L View).jpg,1,0,0,0,0,0,0,1,,,,,train,train\fractured\48 Male (L View).png
IMG0003453.jpg,1,0,0,1,1,0,0,0,0,1,1,0,train,train\non_fractured\IMG0003453.png
IMG0002168.jpg,1,0,0,0,0,0,0,0,0,0,1,0,train,train\non_fractured\IMG0002168.png
IMG0001711.jpg,1,0,0,1,1,0,0,0,0,1,0,0,train,train\non_fractured\IMG0001711.png
IMG0002189.jpg,1,0,0,0,0,0,1,0,0,1,1,0,train,train\non_fractured\IMG0002189.png
IMG0002099.jpg,1,0,0,0,0,0,0,0,0,1,0,0,train,train\non_fractured\IMG0002099.png
71.jpg,1,0,0,0,0,0,0,0,,,,,train,train\non_fractured\71.png
IMG0002181.jpg,1,0,0,0,0,0,1,1,2,1,0,1,train,train\fractured\IMG0002181.png
IMG0000927.jpg,1,0,0,0,0,0,0,0,0,0,1,0,train,train\non_fractured\IMG0000927.png
IMG0001674.jpg,1,0,0,1,1,0,0,0,0,1,0,0,train,train\non_fractured\IMG0001674.png
IMG0001849.jpg,1,0,0,0,0,0,0,0,0,1,0,0,train,train\non_fractured\IMG0001849.png
IMG0001949.jpg,1,0,0,1,1,0,0,0,0,1,0,0,train,train\non_fractured\IMG0001949.png
IMG0004068.jpg,1,0,0,0,0,0,0,1,1,0,1,0,train,train\fractured\IMG0004068.png
IMG0001293.jpg,1,0,0,0,0,0,1,0,0,1,0,0,train,train\non_fractured\IMG0001293.png
IMG0004264.jpg,1,0,0,0,0,0,0,0,0,1,0,0,train,train\non_fractured\IMG0004264.png
IMG0003320.jpg,1,0,0,1,1,0,0,0,0,1,0,0,train,train\non_fractured\IMG0003320.png
IMG0003112.jpg,1,0,0,0,0,0,0,1,1,0,1,0,train,train\fractured\IMG0003112.png
IMG0002882.jpg,1,0,0,0,0,0,0,0,0,0,1,0,train,train\non_fractured\IMG0002882.png
IMG0000440.jpg,1,0,0,1,1,0,0,0,0,1,0,0,train,train\non_fractured\IMG0000440.png
IMG0004297.jpg,1,0,0,0,0,0,0,0,0,1,0,0,train,train\non_fractured\IMG0004297.png
IMG0002967.jpg,1,0,0,0,0,0,0,0,0,0,1,0,train,train\non_fractured\IMG0002967.png
5 Male (A View).jpg,1,0,0,0,0,0,0,1,,,,,train,train\fractured\5 Male (A View).png
IMG0001559.jpg,1,0,1,1,1,0,0,0,0,1,0,0,train,train\non_fractured\IMG0001559.png
IMG0002482.jpg,1,0,0,0,0,0,0,1,1,0,1,0,train,train\fractured\IMG0002482.png
IMG0000524.jpg,1,0,0,0,0,0,0,0,0,0,1,0,train,train\non_fractured\IMG0000524.png
IMG0000603.jpg,1,0,0,1,1,0,0,0,0,1,0,0,train,train\non_fractured\IMG0000603.png
IMG0001236.jpg,1,0,0,0,0,0,1,1,2,1,1,0,train,train\fractured\IMG0001236.png
63.jpg,1,0,0,0,0,0,0,0,,,,,train,train\non_fractured\63.png
IMG0000272.jpg,1,0,0,0,0,0,1,0,0,1,1,0,train,train\non_fractured\IMG0000272.png
IMG0000352.jpg,1,0,0,0,0,0,0,1,1,0,1,0,train,train\fractured\IMG0000352.png
IMG0004233.jpg,1,0,0,0,0,1,0,1,1,0,1,0,train,train\fractured\IMG0004233.png
IMG0002670.jpg,1,0,0,0,0,0,0,0,0,0,0,1,train,train\non_fractured\IMG0002670.png
IMG0001781.jpg,1,0,0,0,0,0,0,1,1,0,1,0,train,train\fractured\IMG0001781.png
IMG0003447.jpg,1,0,0,0,0,0,0,0,0,1,0,0,train,train\non_fractured\IMG0003447.png
IMG0003985.jpg,1,0,0,0,0,0,0,0,0,0,1,0,train,train\non_fractured\IMG0003985.png
IMG0002463.jpg,1,0,0,0,0,0,1,1,2,1,1,0,train,train\fractured\IMG0002463.png
IMG0000890.jpg,1,0,0,1,1,0,0,0,0,1,0,0,train,train\non_fractured\IMG0000890.png
IMG0002398.jpg,1,0,0,0,0,0,1,1,2,1,1,0,train,train\fractured\IMG0002398.png
55.jpg,1,0,0,0,0,0,0,0,,,,,train,train\non_fractured\55.png
IMG0002069.jpg,1,0,0,0,0,0,0,0,0,1,0,0,train,train\non_fractured\IMG0002069.png
IMG0002615.jpg,1,0,0,0,0,0,0,1,1,0,1,0,train,train\fractured\IMG0002615.png
IMG0003298.jpg,1,1,0,0,1,0,0,1,1,0,1,0,train,train\fractured\IMG0003298.png
IMG0004065.jpg,1,0,0,0,0,0,0,0,0,0,1,0,train,train\non_fractured\IMG0004065.png
IMG0002885.jpg,1,0,0,0,0,0,0,1,1,1,0,0,train,train\fractured\IMG0002885.png
IMG0003354.jpg,1,0,0,0,0,0,0,0,0,1,0,0,train,train\non_fractured\IMG0003354.png
IMG0002352.jpg,1,0,0,0,0,0,0,1,1,0,1,0,train,train\fractured\IMG0002352.png
IMG0004262.jpg,1,0,0,0,0,0,0,1,1,0,1,0,train,train\fractured\IMG0004262.png
IMG0001836.jpg,1,0,0,0,0,0,0,0,0,1,0,0,train,train\non_fractured\IMG0001836.png
IMG0002020.jpg,1,0,0,0,0,0,0,1,1,1,0,0,train,train\fractured\IMG0002020.png
IMG0004044.jpg,1,0,0,0,0,0,0,1,1,0,1,0,train,train\fractured\IMG0004044.png
40.jpg,1,0,0,0,0,0,0,0,,,,,train,train\non_fractured\40.png
IMG0000900.jpg,1,0,0,1,1,0,0,0,0,1,0,0,train,train\non_fractured\IMG0000900.png
IMG0002259.jpg,1,0,0,0,0,0,1,0,0,1,0,1,train,train\non_fractured\IMG0002259.png
IMG0003450.jpg,1,0,0,0,0,0,0,0,0,0,1,0,train,train\non_fractured\IMG0003450.png
IMG0001913.jpg,1,0,0,1,1,0,0,0,0,1,1,0,train,train\non_fractured\IMG0001913.png
IMG0000543.jpg,1,0,0,0,0,0,0,0,0,1,0,0,train,train\non_fractured\IMG0000543.png
IMG0002508.jpg,1,0,0,0,0,0,1,1,4,1,1,0,train,train\fractured\IMG0002508.png
IMG0003891.jpg,1,0,0,0,0,0,0,0,0,0,1,0,train,train\non_fractured\IMG0003891.png
IMG0002223.jpg,1,0,0,0,0,0,1,0,0,1,0,0,train,train\non_fractured\IMG0002223.png
IMG0003615.jpg,1,0,0,0,0,0,0,0,0,0,1,0,train,train\non_fractured\IMG0003615.png
67.jpg,1,0,0,0,0,0,0,0,,,,,train,train\non_fractured\67.png
92 Male (L View).jpg,1,0,0,0,0,0,0,1,,,,,train,train\fractured\92 Male (L View).png
IMG0003577.jpg,1,0,0,0,0,0,0,0,0,1,0,0,train,train\non_fractured\IMG0003577.png
IMG0001523.jpg,1,0,0,0,0,0,0,0,0,1,0,0,train,train\non_fractured\IMG0001523.png
IMG0002465.jpg,1,0,0,0,0,0,0,1,1,1,0,0,train,train\fractured\IMG0002465.png
25.jpg,1,0,0,0,0,0,0,0,,,,,train,train\non_fractured\25.png
IMG0003876.jpg,1,0,0,0,0,0,0,0,0,0,1,0,train,train\non_fractured\IMG0003876.png
IMG0001316.jpg,1,0,0,0,0,0,0,0,0,0,1,0,train,train\non_fractured\IMG0001316.png
IMG0000421.jpg,1,0,0,0,0,0,0,0,0,0,1,0,train,train\non_fractured\IMG0000421.png
IMG0002261.jpg,1,0,0,0,0,0,1,0,0,1,0,0,train,train\non_fractured\IMG0002261.png
IMG0000903.jpg,1,0,0,0,0,0,0,0,0,1,0,0,train,train\non_fractured\IMG0000903.png
IMG0001834.jpg,1,0,0,0,0,0,0,0,0,1,0,0,train,train\non_fractured\IMG0001834.png
IMG0000016.jpg,1,0,0,0,0,0,0,0,0,0,1,0,train,train\non_fractured\IMG0000016.png
IMG0001248.jpg,1,0,0,0,0,0,0,0,0,0,1,0,train,train\non_fractured\IMG0001248.png
IMG0003964.jpg,1,0,0,0,0,0,0,0,0,1,0,0,train,train\non_fractured\IMG0003964.png
IMG0001344.jpg,1,0,0,0,0,0,0,0,0,0,1,0,train,train\non_fractured\IMG0001344.png
IMG0002237.jpg,1,0,0,1,1,0,0,0,0,1,0,0,train,train\non_fractured\IMG0002237.png
IMG0000012.jpg,1,0,0,1,1,0,0,0,0,0,1,0,train,train\non_fractured\IMG0000012.png
IMG0001465.jpg,1,0,0,0,0,0,0,0,0,0,1,0,train,train\non_fractured\IMG0001465.png
IMG0001788.jpg,1,0,0,0,0,0,0,0,0,0,1,0,train,train\non_fractured\IMG0001788.png
IMG0001935.jpg,1,0,0,1,1,0,0,0,0,1,0,0,train,train\non_fractured\IMG0001935.png
IMG0002103.jpg,1,0,0,0,0,0,0,0,0,1,0,0,train,train\non_fractured\IMG0002103.png
IMG0003915.jpg,1,0,0,0,0,0,0,0,0,0,1,0,train,train\non_fractured\IMG0003915.png
IMG0002375.jpg,1,0,0,1,1,0,0,1,2,1,0,0,train,train\fractured\IMG0002375.png
4 Male (L View).jpg,1,0,0,0,0,0,0,1,,,,,train,train\fractured\4 Male (L View).png
IMG0001703.jpg,1,0,0,0,0,0,0,0,0,0,1,0,train,train\non_fractured\IMG0001703.png
47 Male (A View).jpg,1,0,0,0,0,0,0,1,,,,,train,train\fractured\47 Male (A View).png
IMG0004045.jpg,1,0,0,0,0,0,0,1,1,1,0,0,train,train\fractured\IMG0004045.png
IMG0000601.jpg,1,0,0,0,0,0,0,0,0,1,0,0,train,train\non_fractured\IMG0000601.png
IMG0002100.jpg,1,0,0,0,0,0,0,0,0,0,0,1,train,train\non_fractured\IMG0002100.png
IMG0000884.jpg,1,0,0,0,0,0,0,0,0,0,1,0,train,train\non_fractured\IMG0000884.png
27.jpg,1,0,0,0,0,0,0,0,,,,,train,train\non_fractured\27.png
IMG0002916.jpg,1,0,0,0,0,0,0,0,0,0,1,0,train,train\non_fractured\IMG0002916.png
IMG0000618.jpg,1,0,0,0,0,0,0,0,0,1,0,0,train,train\non_fractured\IMG0000618.png
IMG0002226.jpg,1,0,0,0,0,0,1,0,0,1,1,0,train,train\non_fractured\IMG0002226.png
IMG0003136.jpg,1,0,0,0,0,0,0,0,0,0,0,1,train,train\non_fractured\IMG0003136.png
IMG0003919.jpg,1,0,0,0,0,0,0,0,0,0,1,0,train,train\non_fractured\IMG0003919.png
IMG0001759.jpg,1,0,0,0,0,0,0,0,0,1,0,0,train,train\non_fractured\IMG0001759.png
IMG0000832.jpg,1,0,0,0,0,0,0,0,0,1,0,0,train,train\non_fractured\IMG0000832.png
IMG0002653.jpg,1,0,0,0,0,0,0,1,1,0,1,0,train,train\fractured\IMG0002653.png
IMG0002445.jpg,1,0,0,0,0,0,0,1,2,1,0,0,train,train\fractured\IMG0002445.png
IMG0002836.jpg,1,0,0,0,0,0,0,0,0,0,0,1,train,train\non_fractured\IMG0002836.png
IMG0001542.jpg,1,0,0,1,1,0,0,0,0,1,0,0,train,train\non_fractured\IMG0001542.png
IMG0001738.jpg,1,0,0,0,0,0,0,1,1,0,0,1,train,train\fractured\IMG0001738.png
IMG0000695.jpg,1,0,0,0,0,0,0,0,0,1,0,1,train,train\non_fractured\IMG0000695.png
10 Male (L View).jpg,1,0,0,0,0,0,0,1,,,,,train,train\fractured\10 Male (L View).png
IMG0002611.jpg,1,0,0,0,0,1,0,1,1,1,0,0,train,train\fractured\IMG0002611.png
10 Male (A View).jpg,1,0,0,0,0,0,0,1,,,,,train,train\fractured\10 Male (A View).png
IMG0002833.jpg,1,0,0,0,0,0,0,1,1,1,0,0,train,train\fractured\IMG0002833.png
IMG0001684.jpg,1,0,0,0,0,0,0,0,0,1,0,0,train,train\non_fractured\IMG0001684.png
IMG0000537.jpg,1,0,0,0,0,0,0,0,0,1,0,0,train,train\non_fractured\IMG0000537.png
43 Male (L View).jpg,1,0,0,0,0,0,0,1,,,,,train,train\fractured\43 Male (L View).png
IMG0000530.jpg,1,0,0,1,1,0,0,0,0,1,0,0,train,train\non_fractured\IMG0000530.png
37 Male (L View).jpg,1,0,0,0,0,0,0,1,,,,,train,train\fractured\37 Male (L View).png
IMG0004206.jpg,1,0,0,0,0,0,0,1,1,1,0,0,train,train\fractured\IMG0004206.png
IMG0004094.jpg,1,0,0,0,0,0,0,0,0,1,0,0,train,train\non_fractured\IMG0004094.png
22.jpg,1,0,0,0,0,0,0,0,,,,,train,train\non_fractured\22.png
48.jpg,1,0,0,0,0,0,0,0,,,,,train,train\non_fractured\48.png
IMG0001389.jpg,1,0,0,0,0,0,1,0,0,1,1,0,train,train\non_fractured\IMG0001389.png
IMG0001428.jpg,1,0,0,0,0,0,0,1,2,0,1,0,train,train\fractured\IMG0001428.png
IMG0003799.jpg,1,0,0,0,0,0,0,0,0,1,0,0,train,train\non_fractured\IMG0003799.png
IMG0001969.jpg,1,0,0,0,0,0,0,0,0,0,1,0,train,train\non_fractured\IMG0001969.png
IMG0000538.jpg,1,0,0,0,0,0,0,0,0,0,0,1,train,train\non_fractured\IMG0000538.png
IMG0002365.jpg,1,0,0,0,0,0,0,1,1,0,1,0,train,train\fractured\IMG0002365.png
19.jpg,1,0,0,0,0,0,0,0,,,,,train,train\non_fractured\19.png
IMG0001026.jpg,1,0,0,0,0,0,0,1,1,0,1,0,train,train\fractured\IMG0001026.png
IMG0002110.jpg,1,0,0,0,0,0,0,0,0,0,1,0,train,train\non_fractured\IMG0002110.png
IMG0004302.jpg,1,0,0,0,0,0,0,0,0,0,1,0,train,train\non_fractured\IMG0004302.png
IMG0001600.jpg,1,0,0,0,0,0,0,0,0,1,0,0,train,train\non_fractured\IMG0001600.png
IMG0000015.jpg,1,0,0,0,0,0,0,0,0,1,0,0,train,train\non_fractured\IMG0000015.png
IMG0000406.jpg,1,0,0,0,0,0,0,0,0,1,0,0,train,train\non_fractured\IMG0000406.png
IMG0003246.jpg,1,0,0,0,0,0,0,0,0,1,0,0,train,train\non_fractured\IMG0003246.png
IMG0001793.jpg,1,0,0,0,0,0,0,0,0,1,0,0,train,train\non_fractured\IMG0001793.png
IMG0001464.jpg,1,0,0,0,0,0,0,0,0,1,0,0,train,train\non_fractured\IMG0001464.png
92 Male (A View).jpg,1,0,0,0,0,0,0,1,,,,,train,train\fractured\92 Male (A View).png
IMG0001278.jpg,1,0,0,0,0,0,0,0,0,0,1,0,train,train\non_fractured\IMG0001278.png
IMG0002395.jpg,1,0,0,0,0,0,1,1,4,1,1,0,train,train\fractured\IMG0002395.png
IMG0002761.jpg,1,0,0,0,0,0,0,0,0,1,0,0,train,train\non_fractured\IMG0002761.png
IMG0001948.jpg,1,0,0,0,0,0,0,1,1,0,1,0,train,train\fractured\IMG0001948.png
IMG0001139.jpg,1,0,0,0,0,0,0,0,0,1,0,0,train,train\non_fractured\IMG0001139.png
IMG0003060.jpg,1,0,0,0,0,0,0,0,0,1,0,0,train,train\non_fractured\IMG0003060.png
IMG0000495.jpg,1,0,0,0,0,0,0,0,0,1,0,0,train,train\non_fractured\IMG0000495.png
IMG0003279.jpg,1,0,0,0,0,0,0,1,1,1,0,0,train,train\fractured\IMG0003279.png
IMG0002351.jpg,1,0,0,1,1,0,0,1,1,1,0,0,train,train\fractured\IMG0002351.png
IMG0002423.jpg,1,0,0,0,0,0,0,1,1,1,0,0,train,train\fractured\IMG0002423.png
IMG0002014.jpg,1,0,0,0,0,0,0,0,0,0,1,0,train,train\non_fractured\IMG0002014.png
IMG0002641.jpg,1,0,0,0,0,0,0,0,0,0,1,0,train,train\non_fractured\IMG0002641.png
62 F (L View).jpg,1,0,0,0,0,0,0,1,,,,,train,train\fractured\62 F (L View).png
IMG0000802.jpg,1,0,0,0,0,0,0,0,0,1,0,0,train,train\non_fractured\IMG0000802.png
IMG0002551.jpg,1,0,0,0,0,0,0,1,2,1,0,0,train,train\fractured\IMG0002551.png
57 F (A View).jpg,1,0,0,0,0,0,0,1,,,,,train,train\fractured\57 F (A View).png
IMG0002156.jpg,1,0,0,0,0,0,0,0,0,1,0,0,train,train\non_fractured\IMG0002156.png
IMG0003433.jpg,1,0,0,0,0,0,0,0,0,1,0,0,train,train\non_fractured\IMG0003433.png
IMG0000541.jpg,1,0,0,0,0,0,1,0,0,1,1,0,train,train\non_fractured\IMG0000541.png
36 Male (A View).jpg,1,0,0,0,0,0,0,1,,,,,train,train\fractured\36 Male (A View).png
IMG0002326.jpg,1,0,0,1,1,0,0,1,1,0,1,0,train,train\fractured\IMG0002326.png
IMG0000205.jpg,1,0,0,0,0,0,0,0,0,0,0,1,train,train\non_fractured\IMG0000205.png
IMG0002764.jpg,1,0,0,0,0,0,0,0,0,1,0,0,train,train\non_fractured\IMG0002764.png
IMG0002531.jpg,1,0,0,0,0,0,0,1,1,1,0,0,train,train\fractured\IMG0002531.png
IMG0002481.jpg,1,0,0,0,0,0,0,1,1,1,0,0,train,train\fractured\IMG0002481.png
IMG0002646.jpg,1,0,0,0,0,0,0,1,1,1,0,0,train,train\fractured\IMG0002646.png
IMG0002922.jpg,1,0,0,0,0,0,0,0,0,1,0,0,train,train\non_fractured\IMG0002922.png
IMG0002480.jpg,1,0,0,0,0,0,0,1,1,0,1,0,train,train\fractured\IMG0002480.png
IMG0004307.jpg,1,0,0,0,0,0,0,0,0,1,0,0,train,train\non_fractured\IMG0004307.png
IMG0002380.jpg,1,0,0,0,0,0,1,1,2,1,1,0,train,train\fractured\IMG0002380.png
IMG0001592.jpg,1,0,0,0,0,0,1,0,0,1,1,0,train,train\non_fractured\IMG0001592.png
IMG0003596.jpg,1,0,0,0,0,0,0,0,0,1,0,0,train,train\non_fractured\IMG0003596.png
IMG0003116.jpg,1,0,0,0,0,0,1,0,0,1,0,0,train,train\non_fractured\IMG0003116.png
IMG0002411.jpg,1,0,0,0,0,0,1,1,2,1,1,0,train,train\fractured\IMG0002411.png
IMG0001136.jpg,1,0,0,0,0,0,0,0,0,1,0,0,train,train\non_fractured\IMG0001136.png
64.jpg,1,0,0,0,0,0,0,0,,,,,train,train\non_fractured\64.png
IMG0003486.jpg,1,0,0,0,0,0,0,0,0,0,0,1,train,train\non_fractured\IMG0003486.png
IMG0004374.jpg,1,0,0,0,0,0,0,1,1,0,1,0,train,train\fractured\IMG0004374.png
24.jpg,1,0,0,0,0,0,0,0,,,,,train,train\non_fractured\24.png
IMG0001008.jpg,1,0,0,0,0,0,0,1,1,0,1,0,train,train\fractured\IMG0001008.png
IMG0002415.jpg,1,0,0,0,0,0,0,1,1,1,0,0,train,train\fractured\IMG0002415.png
IMG0004252.jpg,1,0,0,0,0,0,0,0,0,1,0,0,train,train\non_fractured\IMG0004252.png
IMG0002744.jpg,1,0,0,0,0,0,0,0,0,0,1,0,train,train\non_fractured\IMG0002744.png
IMG0000701.jpg,1,0,0,0,0,0,0,0,0,1,0,0,train,train\non_fractured\IMG0000701.png
IMG0001492.jpg,1,0,0,0,0,0,0,0,0,1,0,0,train,train\non_fractured\IMG0001492.png
IMG0001977.jpg,1,0,0,0,0,0,0,0,0,1,0,0,train,train\non_fractured\IMG0001977.png
IMG0000621.jpg,1,0,0,0,0,0,0,0,0,0,1,0,train,train\non_fractured\IMG0000621.png
IMG0001405.jpg,1,0,0,0,0,0,0,0,0,1,0,0,train,train\non_fractured\IMG0001405.png
IMG0000888.jpg,1,0,0,1,1,0,0,0,0,1,1,0,train,train\non_fractured\IMG0000888.png
IMG0000630.jpg,1,0,0,0,0,0,0,0,0,0,1,0,train,train\non_fractured\IMG0000630.png
IMG0000274.jpg,1,0,0,0,0,0,1,0,0,1,1,0,train,train\non_fractured\IMG0000274.png
IMG0001200.jpg,1,0,0,0,0,0,0,1,1,1,0,0,train,train\fractured\IMG0001200.png
IMG0001259.jpg,1,0,0,0,0,0,1,0,0,1,1,0,train,train\non_fractured\IMG0001259.png
27 Male (A View).jpg,1,0,0,0,0,0,0,1,,,,,train,train\fractured\27 Male (A View).png
IMG0003003.jpg,1,0,0,0,0,0,0,0,0,0,1,0,train,train\non_fractured\IMG0003003.png
IMG0004207.jpg,1,0,0,0,0,0,0,1,1,0,1,0,train,train\fractured\IMG0004207.png
67 Male (A View).jpg,1,0,0,0,0,0,0,1,,,,,train,train\fractured\67 Male (A View).png
91 Male (A View).jpg,1,0,0,0,0,0,0,1,,,,,train,train\fractured\91 Male (A View).png
IMG0003247.jpg,1,0,0,0,0,0,0,0,0,0,1,0,train,train\non_fractured\IMG0003247.png
IMG0000568.jpg,1,0,0,0,0,0,0,0,0,0,1,0,train,train\non_fractured\IMG0000568.png
IMG0002573.jpg,1,0,0,0,0,0,1,1,2,1,0,1,train,train\fractured\IMG0002573.png
IMG0003069.jpg,1,0,0,0,0,0,0,0,0,1,0,0,train,train\non_fractured\IMG0003069.png
IMG0003047.jpg,1,0,0,0,0,0,0,0,0,1,0,0,train,train\non_fractured\IMG0003047.png
51 Male (A View).jpg,1,0,0,0,0,0,0,1,,,,,train,train\fractured\51 Male (A View).png
IMG0002035.jpg,1,0,0,0,0,0,0,0,0,1,0,0,train,train\non_fractured\IMG0002035.png
23.jpg,1,0,0,0,0,0,0,0,,,,,train,train\non_fractured\23.png
IMG0002640.jpg,1,0,0,0,0,0,0,0,0,1,0,0,train,train\non_fractured\IMG0002640.png
IMG0001211.jpg,1,0,0,0,0,0,0,0,0,1,0,0,train,train\non_fractured\IMG0001211.png
IMG0001362.jpg,1,0,0,0,0,0,0,1,1,1,0,0,train,train\fractured\IMG0001362.png
IMG0000619.jpg,1,0,0,0,0,0,0,0,0,0,0,1,train,train\non_fractured\IMG0000619.png
IMG0000161.jpg,1,0,0,0,0,0,0,0,0,1,0,0,train,train\non_fractured\IMG0000161.png
IMG0000103.jpg,1,0,0,0,0,0,0,0,0,1,0,0,train,train\non_fractured\IMG0000103.png
IMG0003398.jpg,1,0,0,0,0,0,0,1,1,1,0,0,train,train\fractured\IMG0003398.png
IMG0004265.jpg,1,0,0,0,0,0,0,0,0,0,1,0,train,train\non_fractured\IMG0004265.png
IMG0000384.jpg,1,0,0,0,0,0,0,0,0,0,1,0,train,train\non_fractured\IMG0000384.png
IMG0000558.jpg,1,0,0,0,0,0,0,0,0,1,0,0,train,train\non_fractured\IMG0000558.png
IMG0003495.jpg,1,0,0,0,0,0,0,0,0,1,0,0,train,train\non_fractured\IMG0003495.png
IMG0003133.jpg,1,0,0,0,0,0,0,0,0,1,0,0,train,train\non_fractured\IMG0003133.png
IMG0002318.jpg,1,0,1,0,1,0,0,1,2,1,0,0,train,train\fractured\IMG0002318.png
42.jpg,1,0,0,0,0,0,0,0,,,,,train,train\non_fractured\42.png
IMG0001700.jpg,1,0,0,0,0,0,0,0,0,1,0,0,train,train\non_fractured\IMG0001700.png
IMG0003104.jpg,1,0,0,0,0,0,0,0,0,0,1,0,train,train\non_fractured\IMG0003104.png
IMG0001357.jpg,1,0,0,0,0,0,0,0,0,0,0,1,train,train\non_fractured\IMG0001357.png
IMG0000207.jpg,1,0,0,0,0,0,0,1,1,0,0,1,train,train\fractured\IMG0000207.png
IMG0000447.jpg,1,0,0,0,0,0,0,0,0,1,0,0,train,train\non_fractured\IMG0000447.png
IMG0000087.jpg,1,0,0,0,0,0,0,0,0,0,1,0,train,train\non_fractured\IMG0000087.png
IMG0000836.jpg,1,0,0,0,0,0,0,0,0,0,0,1,train,train\non_fractured\IMG0000836.png
IMG0001343.jpg,1,0,0,0,0,0,0,0,0,0,1,0,train,train\non_fractured\IMG0001343.png
IMG0003518.jpg,1,0,0,0,0,0,0,0,0,0,1,0,train,train\non_fractured\IMG0003518.png
IMG0000532.jpg,1,0,1,1,1,0,0,0,0,1,0,0,train,train\non_fractured\IMG0000532.png
IMG0000339.jpg,1,0,0,0,0,0,0,0,0,0,0,1,train,train\non_fractured\IMG0000339.png
IMG0000485.jpg,1,0,0,0,0,0,0,0,0,0,1,0,train,train\non_fractured\IMG0000485.png
IMG0003284.jpg,1,0,0,0,0,0,0,0,0,0,1,0,train,train\non_fractured\IMG0003284.png
IMG0004278.jpg,1,0,0,1,1,0,0,0,0,1,1,0,train,train\non_fractured\IMG0004278.png
IMG0002648.jpg,1,0,0,0,0,0,0,0,0,1,0,0,train,train\non_fractured\IMG0002648.png
18.jpg,1,0,0,0,0,0,0,0,,,,,train,train\non_fractured\18.png
IMG0002294.jpg,1,0,0,0,0,0,1,0,0,1,1,0,train,train\non_fractured\IMG0002294.png
IMG0001763.jpg,1,0,0,0,0,0,0,1,1,0,1,0,train,train\fractured\IMG0001763.png
IMG0000904.jpg,1,0,0,0,0,0,0,0,0,0,1,0,train,train\non_fractured\IMG0000904.png
12.jpg,1,0,0,0,0,0,0,0,,,,,train,train\non_fractured\12.png
IMG0002279.jpg,1,0,0,0,0,0,1,0,0,1,0,1,train,train\non_fractured\IMG0002279.png
IMG0000123.jpg,1,0,0,0,0,0,0,0,0,0,0,1,train,train\non_fractured\IMG0000123.png
IMG0003510.jpg,1,0,0,0,0,0,0,1,1,0,1,0,train,train\fractured\IMG0003510.png
44 F (L View).jpg,1,0,0,0,0,0,0,1,,,,,train,train\fractured\44 F (L View).png
IMG0002311.jpg,1,0,0,0,0,0,0,1,1,1,0,0,train,train\fractured\IMG0002311.png
IMG0003191.jpg,1,0,0,0,0,0,0,0,0,1,0,0,train,train\non_fractured\IMG0003191.png
IMG0000891.jpg,1,0,0,0,0,0,0,0,0,1,0,0,train,train\non_fractured\IMG0000891.png
IMG0003600.jpg,1,0,0,1,1,0,0,0,0,1,0,0,train,train\non_fractured\IMG0003600.png
IMG0004298.jpg,1,0,0,0,0,0,0,0,0,1,0,0,train,train\non_fractured\IMG0004298.png
IMG0004314.jpg,1,0,0,0,0,0,0,0,0,0,0,1,train,train\non_fractured\IMG0004314.png
IMG0003066.jpg,1,0,0,0,0,0,0,0,0,0,1,0,train,train\non_fractured\IMG0003066.png
IMG0003449.jpg,1,0,0,0,0,0,0,0,0,1,0,0,train,train\non_fractured\IMG0003449.png
IMG0004106.jpg,1,0,0,0,0,0,0,0,0,0,1,0,train,train\non_fractured\IMG0004106.png
IMG0003259.jpg,1,0,0,0,0,0,0,0,0,0,1,0,train,train\non_fractured\IMG0003259.png
IMG0002809.jpg,1,0,0,0,0,0,0,1,1,1,0,0,train,train\fractured\IMG0002809.png
IMG0001923.jpg,1,0,0,0,0,0,1,0,0,1,1,0,train,train\non_fractured\IMG0001923.png
IMG0003931.jpg,1,0,0,0,0,0,0,0,0,0,1,0,train,train\non_fractured\IMG0003931.png
IMG0002952.jpg,1,0,0,0,0,0,0,0,0,0,1,0,train,train\non_fractured\IMG0002952.png
IMG0003818.jpg,1,0,0,1,1,0,0,0,0,1,0,0,train,train\non_fractured\IMG0003818.png
IMG0004169.jpg,1,0,0,0,0,0,0,0,0,0,0,1,train,train\non_fractured\IMG0004169.png
IMG0003135.jpg,1,0,0,0,0,0,0,0,0,1,0,0,train,train\non_fractured\IMG0003135.png
IMG0003811.jpg,1,0,0,1,1,0,0,0,0,1,1,0,train,train\non_fractured\IMG0003811.png
IMG0004346.jpg,1,0,0,0,0,0,0,0,0,1,0,0,train,train\non_fractured\IMG0004346.png
IMG0002980.jpg,1,0,0,0,0,0,0,1,1,0,1,0,train,train\fractured\IMG0002980.png
IMG0000795.jpg,1,0,0,1,1,0,0,0,0,1,0,0,train,train\non_fractured\IMG0000795.png
76.jpg,1,0,0,0,0,0,0,0,,,,,train,train\non_fractured\76.png
11 Male (L View).jpg,1,0,0,0,0,0,0,1,,,,,train,train\fractured\11 Male (L View).png
IMG0003662.jpg,1,0,0,0,0,0,0,0,0,1,0,0,train,train\non_fractured\IMG0003662.png
IMG0000729.jpg,1,1,1,1,1,0,0,0,0,1,0,0,train,train\non_fractured\IMG0000729.png
IMG0002118.jpg,1,0,0,1,1,0,0,0,0,1,0,0,train,train\non_fractured\IMG0002118.png
IMG0001832.jpg,1,0,0,0,0,0,0,0,0,0,1,0,train,train\non_fractured\IMG0001832.png
IMG0002597.jpg,1,0,0,1,1,0,0,1,1,1,0,0,train,train\fractured\IMG0002597.png
IMG0003479.jpg,1,0,0,0,0,0,0,0,0,1,0,0,train,train\non_fractured\IMG0003479.png
IMG0000371.jpg,1,0,0,0,0,0,0,0,0,0,1,0,train,train\non_fractured\IMG0000371.png
IMG0000866.jpg,1,0,0,1,1,0,0,0,0,1,0,0,train,train\non_fractured\IMG0000866.png
IMG0000714.jpg,1,0,0,0,0,0,0,0,0,0,1,0,train,train\non_fractured\IMG0000714.png
IMG0000720.jpg,1,0,0,0,0,0,0,0,0,0,0,1,train,train\non_fractured\IMG0000720.png
IMG0004310.jpg,1,0,0,0,0,0,0,0,0,1,0,0,train,train\non_fractured\IMG0004310.png
IMG0004172.jpg,1,0,0,0,0,0,0,0,0,0,1,0,train,train\non_fractured\IMG0004172.png
IMG0001410.jpg,1,0,0,0,0,0,0,1,2,1,0,0,train,train\fractured\IMG0001410.png
IMG0000197.jpg,1,0,0,0,0,0,0,0,0,1,0,0,train,train\non_fractured\IMG0000197.png
IMG0002530.jpg,1,0,0,0,0,0,0,1,1,0,0,1,train,train\fractured\IMG0002530.png
IMG0002357.jpg,1,0,0,0,0,0,0,1,1,1,1,0,train,train\fractured\IMG0002357.png
IMG0002500.jpg,1,0,0,0,0,0,0,1,1,1,0,0,train,train\fractured\IMG0002500.png
IMG0000030.jpg,1,0,0,0,0,0,0,0,0,1,0,0,train,train\non_fractured\IMG0000030.png
IMG0003643.jpg,1,0,0,0,0,0,0,0,0,1,0,0,train,train\non_fractured\IMG0003643.png
IMG0002076.jpg,1,0,0,0,0,0,0,0,0,1,0,0,train,train\non_fractured\IMG0002076.png
IMG0003260.jpg,1,0,0,0,0,0,0,0,0,1,0,0,train,train\non_fractured\IMG0003260.png
IMG0001412.jpg,1,0,0,0,0,0,0,0,0,1,0,0,train,train\non_fractured\IMG0001412.png
IMG0001040.jpg,1,0,0,1,1,0,0,0,0,0,1,0,train,train\non_fractured\IMG0001040.png
IMG0003595.jpg,1,0,0,0,0,0,0,0,0,0,1,0,train,train\non_fractured\IMG0003595.png
IMG0003645.jpg,1,0,0,0,0,0,0,0,0,1,0,0,train,train\non_fractured\IMG0003645.png
IMG0002998.jpg,1,0,0,0,0,0,0,1,1,1,0,0,train,train\fractured\IMG0002998.png
IMG0001125.jpg,1,0,0,0,0,0,0,0,0,0,1,0,train,train\non_fractured\IMG0001125.png
IMG0000599.jpg,1,0,0,0,0,0,0,1,1,1,0,0,train,train\fractured\IMG0000599.png
IMG0003679.jpg,1,0,0,0,0,0,0,0,0,1,0,0,train,train\non_fractured\IMG0003679.png
60.jpg,1,0,0,0,0,0,0,0,,,,,train,train\non_fractured\60.png
IMG0004270.jpg,1,0,0,0,0,0,0,0,0,1,0,0,train,train\non_fractured\IMG0004270.png
IMG0003224.jpg,1,0,0,0,0,0,0,0,0,1,0,0,train,train\non_fractured\IMG0003224.png
IMG0001076.jpg,1,0,0,1,1,0,0,0,0,1,0,0,train,train\non_fractured\IMG0001076.png
IMG0001294.jpg,1,0,0,0,0,0,1,0,0,0,0,1,train,train\non_fractured\IMG0001294.png
IMG0003800.jpg,1,0,0,0,0,0,0,0,0,0,1,0,train,train\non_fractured\IMG0003800.png
IMG0003835.jpg,1,0,0,1,1,0,0,0,0,1,0,0,train,train\non_fractured\IMG0003835.png
IMG0003204.jpg,1,0,0,0,0,0,0,0,0,0,0,1,train,train\non_fractured\IMG0003204.png
IMG0002077.jpg,1,0,0,1,1,0,0,0,0,1,0,0,train,train\non_fractured\IMG0002077.png
IMG0000515.jpg,1,0,0,1,1,0,0,0,0,0,1,0,train,train\non_fractured\IMG0000515.png
IMG0001883.jpg,1,0,0,0,0,0,0,0,0,1,0,0,train,train\non_fractured\IMG0001883.png
IMG0002625.jpg,1,0,0,0,0,0,0,0,0,1,0,0,train,train\non_fractured\IMG0002625.png
IMG0003218.jpg,1,0,0,0,0,0,0,1,1,0,1,0,train,train\fractured\IMG0003218.png
IMG0003660.jpg,1,0,0,1,1,0,0,0,0,1,0,0,train,train\non_fractured\IMG0003660.png
IMG0001780.jpg,1,0,0,0,0,0,0,1,2,1,0,0,train,train\fractured\IMG0001780.png
IMG0002072.jpg,1,0,0,0,0,0,1,0,0,1,1,0,train,train\non_fractured\IMG0002072.png
IMG0000190.jpg,1,0,0,1,1,0,0,1,1,1,0,0,train,train\fractured\IMG0000190.png
IMG0001162.jpg,1,0,0,0,0,0,0,0,0,0,1,0,train,train\non_fractured\IMG0001162.png
82 Male (L View).jpg,1,0,0,0,0,0,0,1,,,,,train,train\fractured\82 Male (L View).png
IMG0002498.jpg,1,0,0,0,0,0,0,1,1,0,1,0,train,train\fractured\IMG0002498.png
IMG0003114.jpg,1,0,0,0,0,0,0,0,0,1,0,0,train,train\non_fractured\IMG0003114.png
IMG0000762.jpg,1,0,0,0,0,0,0,1,1,1,0,0,train,train\fractured\IMG0000762.png
IMG0002131.jpg,1,0,0,0,0,0,0,0,0,1,0,0,train,train\non_fractured\IMG0002131.png
63 Male (L View).jpg,1,0,0,0,0,0,0,1,,,,,train,train\fractured\63 Male (L View).png
IMG0001081.jpg,1,0,0,0,0,0,0,0,0,1,0,0,train,train\non_fractured\IMG0001081.png
IMG0000835.jpg,1,0,0,0,0,0,0,0,0,0,1,0,train,train\non_fractured\IMG0000835.png
70.jpg,1,0,0,0,0,0,0,0,,,,,train,train\non_fractured\70.png
IMG0002355.jpg,1,0,0,0,0,0,0,1,1,1,0,0,train,train\fractured\IMG0002355.png
IMG0003809.jpg,1,0,0,0,0,0,0,0,0,1,0,0,train,train\non_fractured\IMG0003809.png
94 F (L View).jpg,1,0,0,0,0,0,0,1,,,,,train,train\fractured\94 F (L View).png
IMG0003296.jpg,1,0,0,1,1,0,0,0,0,1,1,0,train,train\non_fractured\IMG0003296.png
IMG0003264.jpg,1,0,0,1,1,0,0,1,1,1,1,0,train,train\fractured\IMG0003264.png
IMG0000719.jpg,1,0,0,0,0,0,0,0,0,1,0,0,train,train\non_fractured\IMG0000719.png
IMG0002689.jpg,1,0,0,1,1,0,0,0,0,1,0,0,train,train\non_fractured\IMG0002689.png
IMG0004070.jpg,1,0,0,0,0,0,0,0,0,0,1,0,train,train\non_fractured\IMG0004070.png
IMG0003195.jpg,1,0,0,0,0,0,0,0,0,1,0,0,train,train\non_fractured\IMG0003195.png
IMG0001668.jpg,1,0,0,0,0,0,0,0,0,1,0,0,train,train\non_fractured\IMG0001668.png
IMG0003382.jpg,1,0,0,0,0,0,0,1,1,0,1,0,train,train\fractured\IMG0003382.png
IMG0000044.jpg,1,0,0,1,1,0,0,1,1,1,0,0,train,train\fractured\IMG0000044.png
IMG0002908.jpg,1,0,0,1,1,0,0,0,0,1,0,0,train,train\non_fractured\IMG0002908.png
IMG0000828.jpg,1,0,0,0,0,0,0,0,0,0,0,1,train,train\non_fractured\IMG0000828.png
IMG0003653.jpg,1,0,0,0,0,0,0,1,1,1,0,0,train,train\fractured\IMG0003653.png
IMG0003871.jpg,1,0,0,0,0,0,0,1,1,0,1,0,train,train\fractured\IMG0003871.png
IMG0000589.jpg,1,0,0,0,0,0,0,0,0,1,0,0,train,train\non_fractured\IMG0000589.png
IMG0003942.jpg,1,0,0,0,0,0,0,1,1,1,0,0,train,train\fractured\IMG0003942.png
IMG0002265.jpg,1,0,0,0,0,0,1,1,2,1,0,1,train,train\fractured\IMG0002265.png
IMG0003421.jpg,1,0,0,0,0,0,0,0,0,1,0,0,train,train\non_fractured\IMG0003421.png
IMG0002735.jpg,1,0,0,0,0,0,0,0,0,1,0,0,train,train\non_fractured\IMG0002735.png
IMG0002988.jpg,1,0,0,0,0,0,0,0,0,0,1,0,train,train\non_fractured\IMG0002988.png
IMG0000143.jpg,1,0,0,1,1,0,0,1,1,1,1,0,train,train\fractured\IMG0000143.png
IMG0003729.jpg,1,0,0,0,0,0,0,0,0,1,0,0,train,train\non_fractured\IMG0003729.png
15 Male (L View).jpg,1,0,0,0,0,0,0,1,,,,,train,train\fractured\15 Male (L View).png
IMG0001373.jpg,1,0,0,1,1,0,0,0,0,1,0,0,train,train\non_fractured\IMG0001373.png
IMG0004081.jpg,1,0,0,0,0,0,0,0,0,0,1,0,train,train\non_fractured\IMG0004081.png
IMG0004042.jpg,1,0,0,0,0,0,0,1,1,0,1,0,train,train\fractured\IMG0004042.png
IMG0002101.jpg,1,0,0,0,0,0,0,0,0,1,0,0,train,train\non_fractured\IMG0002101.png
IMG0001934.jpg,1,0,0,0,0,0,0,1,1,0,1,0,train,train\fractured\IMG0001934.png
IMG0001638.jpg,1,0,0,0,0,0,0,0,0,0,1,0,train,train\non_fractured\IMG0001638.png
IMG0000263.jpg,1,0,0,1,1,0,0,0,0,1,0,0,train,train\non_fractured\IMG0000263.png
IMG0002012.jpg,1,0,0,0,0,0,0,0,0,1,0,0,train,train\non_fractured\IMG0002012.png
IMG0001956.jpg,1,0,0,1,1,0,0,0,0,1,1,0,train,train\non_fractured\IMG0001956.png
27 Male (L View).jpg,1,0,0,0,0,0,0,1,,,,,train,train\fractured\27 Male (L View).png
IMG0000235.jpg,1,0,0,0,0,0,0,0,0,1,0,0,train,train\non_fractured\IMG0000235.png
IMG0003391.jpg,1,0,0,0,0,0,0,0,0,0,1,0,train,train\non_fractured\IMG0003391.png
35 Male (A View).jpg,1,0,0,0,0,0,0,1,,,,,train,train\fractured\35 Male (A View).png
IMG0002517.jpg,1,0,0,0,0,0,0,1,1,0,1,0,train,train\fractured\IMG0002517.png
33.jpg,1,0,0,0,0,0,0,0,,,,,train,train\non_fractured\33.png
46.jpg,1,0,0,0,0,0,0,0,,,,,train,train\non_fractured\46.png
IMG0004120.jpg,1,0,0,0,0,0,0,0,0,0,1,0,train,train\non_fractured\IMG0004120.png
IMG0001088.jpg,1,0,0,1,1,0,0,0,0,1,0,0,train,train\non_fractured\IMG0001088.png
IMG0000199.jpg,1,0,0,0,0,0,0,0,0,1,0,0,train,train\non_fractured\IMG0000199.png
IMG0003526.jpg,1,0,0,0,0,0,0,0,0,1,0,0,train,train\non_fractured\IMG0003526.png
IMG0003348.jpg,1,0,0,0,0,0,0,0,0,1,0,0,train,train\non_fractured\IMG0003348.png
IMG0002487.jpg,1,0,0,0,0,0,0,1,1,0,1,0,train,train\fractured\IMG0002487.png
39.jpg,1,0,0,0,0,0,0,0,,,,,train,train\non_fractured\39.png
IMG0003983.jpg,1,0,0,0,0,0,0,0,0,1,0,0,train,train\non_fractured\IMG0003983.png
IMG0001522.jpg,1,0,0,0,0,0,0,0,0,0,0,1,train,train\non_fractured\IMG0001522.png
IMG0004119.jpg,1,0,0,0,0,0,0,0,0,1,0,0,train,train\non_fractured\IMG0004119.png
IMG0003456.jpg,1,0,0,1,1,0,0,0,0,1,0,0,train,train\non_fractured\IMG0003456.png
IMG0002645.jpg,1,0,0,0,0,0,0,0,0,0,1,0,train,train\non_fractured\IMG0002645.png
15.jpg,1,0,0,0,0,0,0,0,,,,,train,train\non_fractured\15.png
IMG0001494.jpg,1,0,0,0,0,0,0,1,1,1,0,0,train,train\fractured\IMG0001494.png
IMG0002466.jpg,1,0,0,0,0,0,0,1,1,0,1,0,train,train\fractured\IMG0002466.png
37.jpg,1,0,0,0,0,0,0,0,,,,,train,train\non_fractured\37.png
IMG0002412.jpg,1,0,0,0,0,0,1,1,2,1,1,0,train,train\fractured\IMG0002412.png
IMG0003700.jpg,1,0,0,0,0,0,0,0,0,1,0,0,train,train\non_fractured\IMG0003700.png
66.jpg,1,0,0,0,0,0,0,0,,,,,train,train\non_fractured\66.png
IMG0001518.jpg,1,0,0,0,0,0,0,0,0,0,1,0,train,train\non_fractured\IMG0001518.png
IMG0002858.jpg,1,0,0,0,0,0,0,0,0,0,0,1,train,train\non_fractured\IMG0002858.png
26.jpg,1,0,0,0,0,0,0,0,,,,,train,train\non_fractured\26.png
IMG0003117.jpg,1,0,0,0,0,0,1,0,0,0,0,1,train,train\non_fractured\IMG0003117.png
IMG0000511.jpg,1,0,0,0,0,0,0,0,0,1,0,0,train,train\non_fractured\IMG0000511.png
IMG0002905.jpg,1,0,0,0,0,1,0,1,1,0,1,0,train,train\fractured\IMG0002905.png
IMG0003958.jpg,1,0,0,0,0,0,0,0,0,1,0,0,train,train\non_fractured\IMG0003958.png
IMG0003302.jpg,1,0,0,0,0,0,0,0,0,0,1,0,train,train\non_fractured\IMG0003302.png
IMG0002128.jpg,1,0,0,1,1,0,0,0,0,1,0,0,train,train\non_fractured\IMG0002128.png
IMG0000519.jpg,1,0,0,0,0,0,0,0,0,1,0,0,train,train\non_fractured\IMG0000519.png
IMG0001856.jpg,1,0,0,0,0,0,0,0,0,1,0,0,train,train\non_fractured\IMG0001856.png
IMG0001006.jpg,1,0,0,0,0,0,0,0,0,0,1,0,train,train\non_fractured\IMG0001006.png
IMG0003192.jpg,1,0,0,0,0,0,0,0,0,0,1,0,train,train\non_fractured\IMG0003192.png
IMG0001210.jpg,1,0,0,0,0,0,0,0,0,0,1,0,train,train\non_fractured\IMG0001210.png
IMG0000597.jpg,1,0,0,0,0,0,0,0,0,1,0,0,train,train\non_fractured\IMG0000597.png
6.jpg,1,0,0,0,0,0,0,0,,,,,train,train\non_fractured\6.png
IMG0001141.jpg,1,0,0,0,0,0,0,0,0,0,1,0,train,train\non_fractured\IMG0001141.png
IMG0003605.jpg,1,0,0,0,0,0,0,0,0,0,1,0,train,train\non_fractured\IMG0003605.png
IMG0002150.jpg,1,0,0,0,0,0,0,0,0,1,0,0,train,train\non_fractured\IMG0002150.png
IMG0000576.jpg,1,0,0,0,0,0,0,0,0,1,0,0,train,train\non_fractured\IMG0000576.png
IMG0003713.jpg,1,0,0,0,0,0,0,1,1,0,1,0,train,train\fractured\IMG0003713.png
IMG0001963.jpg,1,0,0,1,1,0,0,0,0,1,0,0,train,train\non_fractured\IMG0001963.png
IMG0001090.jpg,1,0,0,0,0,0,0,0,0,1,0,0,train,train\non_fractured\IMG0001090.png
IMG0000829.jpg,1,0,0,0,0,0,0,0,0,0,0,1,train,train\non_fractured\IMG0000829.png
IMG0004256.jpg,1,0,0,0,0,0,0,0,0,0,1,0,train,train\non_fractured\IMG0004256.png
IMG0001507.jpg,1,0,0,1,1,0,0,0,0,1,0,0,train,train\non_fractured\IMG0001507.png
IMG0002408.jpg,1,0,0,0,0,0,0,1,1,1,0,0,train,train\fractured\IMG0002408.png
IMG0001025.jpg,1,0,0,0,0,0,0,1,1,1,0,0,train,train\fractured\IMG0001025.png
62 F (A View).jpg,1,0,0,0,0,0,0,1,,,,,train,train\fractured\62 F (A View).png
IMG0003267.jpg,1,0,0,0,0,0,0,1,1,0,1,0,train,train\fractured\IMG0003267.png
IMG0001521.jpg,1,0,0,0,0,0,0,0,0,0,1,0,train,train\non_fractured\IMG0001521.png
IMG0001918.jpg,1,0,0,0,0,0,0,0,0,1,0,0,train,train\non_fractured\IMG0001918.png
IMG0004105.jpg,1,0,0,0,0,0,0,0,0,0,0,1,train,train\non_fractured\IMG0004105.png
IMG0000804.jpg,1,0,0,0,0,0,0,1,1,1,0,0,train,train\fractured\IMG0000804.png
IMG0001884.jpg,1,0,0,0,0,0,0,0,0,0,1,0,train,train\non_fractured\IMG0001884.png
IMG0002715.jpg,1,0,0,1,1,0,0,0,0,1,0,0,train,train\non_fractured\IMG0002715.png
IMG0000301.jpg,1,0,0,0,0,0,1,0,0,1,1,0,train,train\non_fractured\IMG0000301.png
IMG0002501.jpg,1,0,0,0,0,0,0,1,1,1,0,0,train,train\fractured\IMG0002501.png
IMG0003731.jpg,1,0,0,1,1,0,0,0,0,1,0,0,train,train\non_fractured\IMG0003731.png
IMG0000769.jpg,1,0,0,1,1,0,0,0,0,1,0,0,train,train\non_fractured\IMG0000769.png
IMG0000019.jpg,1,0,0,0,0,0,0,1,1,1,0,0,train,train\fractured\IMG0000019.png
IMG0001762.jpg,1,0,0,0,0,0,0,1,1,1,0,0,train,train\fractured\IMG0001762.png
IMG0001419.jpg,1,0,0,1,1,0,0,0,0,1,0,0,train,train\non_fractured\IMG0001419.png
IMG0000863.jpg,1,0,0,0,0,0,0,0,0,1,0,0,train,train\non_fractured\IMG0000863.png
IMG0002575.jpg,1,0,0,0,0,0,1,1,2,1,1,0,train,train\fractured\IMG0002575.png
IMG0000370.jpg,1,0,0,0,0,0,0,0,0,1,0,0,train,train\non_fractured\IMG0000370.png
IMG0001572.jpg,1,0,0,0,0,0,0,1,1,1,0,0,train,train\fractured\IMG0001572.png
57 F (L View).jpg,1,0,0,0,0,0,0,1,,,,,train,train\fractured\57 F (L View).png
IMG0004286.jpg,1,0,0,1,1,0,0,0,0,1,0,0,train,train\non_fractured\IMG0004286.png
IMG0003870.jpg,1,0,0,0,0,0,0,1,1,0,0,1,train,train\fractured\IMG0003870.png
IMG0002268.jpg,1,0,0,0,0,0,1,0,0,1,0,1,train,train\non_fractured\IMG0002268.png
IMG0003705.jpg,1,0,0,0,0,0,0,0,0,1,0,0,train,train\non_fractured\IMG0003705.png
IMG0004011.jpg,1,0,0,0,0,0,0,0,0,1,0,0,train,train\non_fractured\IMG0004011.png
IMG0000494.jpg,1,0,0,0,0,0,1,0,0,1,0,0,train,train\non_fractured\IMG0000494.png
IMG0001131.jpg,1,0,0,0,0,0,0,0,0,0,1,0,train,train\non_fractured\IMG0001131.png
IMG0001645.jpg,1,0,0,1,1,0,0,0,0,1,0,0,train,train\non_fractured\IMG0001645.png
91 Male (L View).jpg,1,0,0,0,0,0,0,1,,,,,train,train\fractured\91 Male (L View).png
IMG0002381.jpg,1,0,0,0,0,0,1,1,2,1,0,1,train,train\fractured\IMG0002381.png
IMG0003982.jpg,1,0,0,1,1,0,0,0,0,1,0,0,train,train\non_fractured\IMG0003982.png
38.jpg,1,0,0,0,0,0,0,0,,,,,train,train\non_fractured\38.png
IMG0002606.jpg,1,0,0,0,0,0,0,1,1,0,1,0,train,train\fractured\IMG0002606.png
IMG0001004.jpg,1,0,0,0,0,0,0,0,0,0,0,1,train,train\non_fractured\IMG0001004.png
IMG0004287.jpg,1,0,0,0,0,0,0,0,0,0,1,0,train,train\non_fractured\IMG0004287.png
IMG0000373.jpg,1,0,0,0,0,0,0,0,0,1,0,0,train,train\non_fractured\IMG0000373.png
IMG0001565.jpg,1,0,0,0,0,0,0,0,0,1,0,0,train,train\non_fractured\IMG0001565.png
66 F (L View).jpg,1,0,0,0,0,0,0,1,,,,,train,train\fractured\66 F (L View).png
IMG0003785.jpg,1,0,0,0,0,0,0,1,2,1,0,0,train,train\fractured\IMG0003785.png
IMG0002153.jpg,1,0,0,0,0,0,0,0,0,1,0,0,train,train\non_fractured\IMG0002153.png
IMG0002414.jpg,1,0,0,0,0,0,0,1,2,0,1,0,train,train\fractured\IMG0002414.png
IMG0001237.jpg,1,0,0,0,0,0,0,0,0,1,0,0,train,train\non_fractured\IMG0001237.png
IMG0000407.jpg,1,0,0,0,0,0,0,0,0,0,1,0,train,train\non_fractured\IMG0000407.png
IMG0003633.jpg,1,0,0,0,0,0,0,0,0,1,0,0,train,train\non_fractured\IMG0003633.png
IMG0003771.jpg,1,0,0,0,0,0,0,1,1,0,1,0,train,train\fractured\IMG0003771.png
63 Male (A View).jpg,1,0,0,0,0,0,0,1,,,,,train,train\fractured\63 Male (A View).png
IMG0000751.jpg,1,0,0,0,0,0,0,1,1,1,0,0,train,train\fractured\IMG0000751.png
44 F (A View).jpg,1,0,0,0,0,0,0,1,,,,,train,train\fractured\44 F (A View).png
IMG0002737.jpg,1,0,0,0,0,0,0,1,1,1,0,0,train,train\fractured\IMG0002737.png
IMG0000807.jpg,1,0,0,0,0,0,0,0,0,0,1,0,train,train\non_fractured\IMG0000807.png
IMG0001255.jpg,1,0,0,0,0,0,0,0,0,1,0,0,train,train\non_fractured\IMG0001255.png
IMG0004073.jpg,1,0,0,0,0,0,0,0,0,0,1,0,train,train\non_fractured\IMG0004073.png
IMG0000991.jpg,1,0,0,0,0,0,0,0,0,0,1,0,train,train\non_fractured\IMG0000991.png
IMG0003415.jpg,1,0,0,0,0,0,0,0,0,0,0,1,train,train\non_fractured\IMG0003415.png
IMG0000102.jpg,1,0,0,0,0,0,0,0,0,0,1,0,train,train\non_fractured\IMG0000102.png
IMG0003537.jpg,1,0,0,0,0,0,0,0,0,1,0,0,train,train\non_fractured\IMG0003537.png
IMG0003999.jpg,1,0,0,0,0,0,0,0,0,0,1,0,train,train\non_fractured\IMG0003999.png
IMG0001688.jpg,1,0,0,0,0,0,0,0,0,1,0,0,train,train\non_fractured\IMG0001688.png
IMG0001906.jpg,1,0,0,1,1,0,0,0,0,1,0,0,train,train\non_fractured\IMG0001906.png
IMG0003980.jpg,1,0,0,1,1,0,0,0,0,1,0,0,train,train\non_fractured\IMG0003980.png
IMG0002919.jpg,1,0,0,0,0,0,0,0,0,0,1,0,train,train\non_fractured\IMG0002919.png
IMG0000369.jpg,1,0,0,0,0,0,0,0,0,1,0,0,train,train\non_fractured\IMG0000369.png
54 Male (L View).jpg,1,0,0,0,0,0,0,1,,,,,train,train\fractured\54 Male (L View).png
IMG0002396.jpg,1,0,0,0,0,0,0,1,1,0,1,0,train,train\fractured\IMG0002396.png
