split,class,filename,source_path
train,fractured,IMG0003733.png,hand_dataset_prepared\train\fractured\IMG0003733.png
train,fractured,68 F (L View).png,hand_dataset_prepared\train\fractured\68 F (L View).png
train,fractured,27 Male (A View).png,hand_dataset_prepared\train\fractured\27 Male (A View).png
train,fractured,IMG0001933.png,hand_dataset_prepared\train\fractured\IMG0001933.png
train,fractured,IMG0001428.png,hand_dataset_prepared\train\fractured\IMG0001428.png
train,fractured,IMG0001073.png,hand_dataset_prepared\train\fractured\IMG0001073.png
train,fractured,9 Male (A View).png,hand_dataset_prepared\train\fractured\9 Male (A View).png
train,fractured,65 Male (A View).png,hand_dataset_prepared\train\fractured\65 Male (A View).png
train,fractured,IMG0004072.png,hand_dataset_prepared\train\fractured\IMG0004072.png
train,fractured,IMG0002833.png,hand_dataset_prepared\train\fractured\IMG0002833.png
train,fractured,57 F (L View).png,hand_dataset_prepared\train\fractured\57 F (L View).png
train,fractured,IMG0003279.png,hand_dataset_prepared\train\fractured\IMG0003279.png
train,fractured,IMG0002467.png,hand_dataset_prepared\train\fractured\IMG0002467.png
train,fractured,35 Male (A View).png,hand_dataset_prepared\train\fractured\35 Male (A View).png
train,fractured,3 Male (L View).png,hand_dataset_prepared\train\fractured\3 Male (L View).png
train,fractured,62 F (A View).png,hand_dataset_prepared\train\fractured\62 F (A View).png
train,fractured,IMG0001025.png,hand_dataset_prepared\train\fractured\IMG0001025.png
train,fractured,IMG0001200.png,hand_dataset_prepared\train\fractured\IMG0001200.png
train,fractured,IMG0002583.png,hand_dataset_prepared\train\fractured\IMG0002583.png
train,fractured,IMG0003313.png,hand_dataset_prepared\train\fractured\IMG0003313.png
train,fractured,27 Male (L View).png,hand_dataset_prepared\train\fractured\27 Male (L View).png
train,fractured,IMG0002979.png,hand_dataset_prepared\train\fractured\IMG0002979.png
train,fractured,IMG0000750.png,hand_dataset_prepared\train\fractured\IMG0000750.png
train,fractured,IMG0003871.png,hand_dataset_prepared\train\fractured\IMG0003871.png
train,fractured,IMG0004116.png,hand_dataset_prepared\train\fractured\IMG0004116.png
train,fractured,IMG0002465.png,hand_dataset_prepared\train\fractured\IMG0002465.png
train,fractured,IMG0001026.png,hand_dataset_prepared\train\fractured\IMG0001026.png
train,fractured,IMG0002497.png,hand_dataset_prepared\train\fractured\IMG0002497.png
train,fractured,IMG0003267.png,hand_dataset_prepared\train\fractured\IMG0003267.png
train,fractured,IMG0001938.png,hand_dataset_prepared\train\fractured\IMG0001938.png
train,fractured,10 Male (L View).png,hand_dataset_prepared\train\fractured\10 Male (L View).png
train,fractured,IMG0000019.png,hand_dataset_prepared\train\fractured\IMG0000019.png
train,fractured,IMG0004067.png,hand_dataset_prepared\train\fractured\IMG0004067.png
train,fractured,IMG0002352.png,hand_dataset_prepared\train\fractured\IMG0002352.png
train,fractured,IMG0003713.png,hand_dataset_prepared\train\fractured\IMG0003713.png
train,fractured,93 F (L View).png,hand_dataset_prepared\train\fractured\93 F (L View).png
train,fractured,IMG0001008.png,hand_dataset_prepared\train\fractured\IMG0001008.png
train,fractured,IMG0002350.png,hand_dataset_prepared\train\fractured\IMG0002350.png
train,fractured,IMG0004187.png,hand_dataset_prepared\train\fractured\IMG0004187.png
train,fractured,IMG0004044.png,hand_dataset_prepared\train\fractured\IMG0004044.png
train,fractured,IMG0002396.png,hand_dataset_prepared\train\fractured\IMG0002396.png
train,fractured,63 Male (A View).png,hand_dataset_prepared\train\fractured\63 Male (A View).png
train,fractured,IMG0002364.png,hand_dataset_prepared\train\fractured\IMG0002364.png
train,fractured,IMG0002355.png,hand_dataset_prepared\train\fractured\IMG0002355.png
train,fractured,IMG0003373.png,hand_dataset_prepared\train\fractured\IMG0003373.png
train,fractured,IMG0001739.png,hand_dataset_prepared\train\fractured\IMG0001739.png
train,fractured,39 F (A View).png,hand_dataset_prepared\train\fractured\39 F (A View).png
train,fractured,IMG0002508.png,hand_dataset_prepared\train\fractured\IMG0002508.png
train,fractured,IMG0002738.png,hand_dataset_prepared\train\fractured\IMG0002738.png
train,fractured,85 Male (L View).png,hand_dataset_prepared\train\fractured\85 Male (L View).png
train,fractured,IMG0002395.png,hand_dataset_prepared\train\fractured\IMG0002395.png
train,fractured,51 Male (L View).png,hand_dataset_prepared\train\fractured\51 Male (L View).png
train,fractured,IMG0002886.png,hand_dataset_prepared\train\fractured\IMG0002886.png
train,fractured,IMG0002127.png,hand_dataset_prepared\train\fractured\IMG0002127.png
train,fractured,IMG0002375.png,hand_dataset_prepared\train\fractured\IMG0002375.png
train,fractured,IMG0003172.png,hand_dataset_prepared\train\fractured\IMG0003172.png
train,fractured,IMG0000671.png,hand_dataset_prepared\train\fractured\IMG0000671.png
train,fractured,48 Male (A View).png,hand_dataset_prepared\train\fractured\48 Male (A View).png
train,fractured,39 F (L View).png,hand_dataset_prepared\train\fractured\39 F (L View).png
train,fractured,IMG0001151.png,hand_dataset_prepared\train\fractured\IMG0001151.png
train,fractured,IMG0002105.png,hand_dataset_prepared\train\fractured\IMG0002105.png
train,fractured,IMG0003293.png,hand_dataset_prepared\train\fractured\IMG0003293.png
train,fractured,IMG0004042.png,hand_dataset_prepared\train\fractured\IMG0004042.png
train,fractured,64 M (A View).png,hand_dataset_prepared\train\fractured\64 M (A View).png
train,fractured,IMG0003398.png,hand_dataset_prepared\train\fractured\IMG0003398.png
train,fractured,IMG0003586.png,hand_dataset_prepared\train\fractured\IMG0003586.png
train,fractured,IMG0002501.png,hand_dataset_prepared\train\fractured\IMG0002501.png
train,fractured,IMG0002377.png,hand_dataset_prepared\train\fractured\IMG0002377.png
train,fractured,IMG0000057.png,hand_dataset_prepared\train\fractured\IMG0000057.png
train,fractured,IMG0002382.png,hand_dataset_prepared\train\fractured\IMG0002382.png
train,fractured,IMG0002361.png,hand_dataset_prepared\train\fractured\IMG0002361.png
train,fractured,IMG0000844.png,hand_dataset_prepared\train\fractured\IMG0000844.png
train,fractured,IMG0001762.png,hand_dataset_prepared\train\fractured\IMG0001762.png
train,fractured,48 Male (L View).png,hand_dataset_prepared\train\fractured\48 Male (L View).png
train,fractured,IMG0000144.png,hand_dataset_prepared\train\fractured\IMG0000144.png
train,fractured,IMG0002737.png,hand_dataset_prepared\train\fractured\IMG0002737.png
train,fractured,IMG0004217.png,hand_dataset_prepared\train\fractured\IMG0004217.png
train,fractured,IMG0003926.png,hand_dataset_prepared\train\fractured\IMG0003926.png
train,fractured,IMG0002512.png,hand_dataset_prepared\train\fractured\IMG0002512.png
train,fractured,IMG0003101.png,hand_dataset_prepared\train\fractured\IMG0003101.png
train,fractured,IMG0001780.png,hand_dataset_prepared\train\fractured\IMG0001780.png
train,fractured,IMG0003785.png,hand_dataset_prepared\train\fractured\IMG0003785.png
train,fractured,IMG0002326.png,hand_dataset_prepared\train\fractured\IMG0002326.png
train,fractured,43 Male (L View).png,hand_dataset_prepared\train\fractured\43 Male (L View).png
train,fractured,IMG0001152.png,hand_dataset_prepared\train\fractured\IMG0001152.png
train,fractured,IMG0004061.png,hand_dataset_prepared\train\fractured\IMG0004061.png
train,fractured,IMG0002312.png,hand_dataset_prepared\train\fractured\IMG0002312.png
train,fractured,IMG0002415.png,hand_dataset_prepared\train\fractured\IMG0002415.png
train,fractured,IMG0001763.png,hand_dataset_prepared\train\fractured\IMG0001763.png
train,fractured,47 Male (A View).png,hand_dataset_prepared\train\fractured\47 Male (A View).png
train,fractured,IMG0000845.png,hand_dataset_prepared\train\fractured\IMG0000845.png
train,fractured,IMG0002614.png,hand_dataset_prepared\train\fractured\IMG0002614.png
train,fractured,IMG0002606.png,hand_dataset_prepared\train\fractured\IMG0002606.png
train,fractured,IMG0002580.png,hand_dataset_prepared\train\fractured\IMG0002580.png
train,fractured,IMG0002412.png,hand_dataset_prepared\train\fractured\IMG0002412.png
train,fractured,IMG0002504.png,hand_dataset_prepared\train\fractured\IMG0002504.png
train,fractured,90 Male (A View).png,hand_dataset_prepared\train\fractured\90 Male (A View).png
train,fractured,IMG0003375.png,hand_dataset_prepared\train\fractured\IMG0003375.png
train,fractured,IMG0004206.png,hand_dataset_prepared\train\fractured\IMG0004206.png
train,fractured,IMG0001440.png,hand_dataset_prepared\train\fractured\IMG0001440.png
train,fractured,IMG0001738.png,hand_dataset_prepared\train\fractured\IMG0001738.png
train,fractured,IMG0002392.png,hand_dataset_prepared\train\fractured\IMG0002392.png
train,fractured,IMG0002126.png,hand_dataset_prepared\train\fractured\IMG0002126.png
train,fractured,IMG0000851.png,hand_dataset_prepared\train\fractured\IMG0000851.png
train,fractured,IMG0003771.png,hand_dataset_prepared\train\fractured\IMG0003771.png
train,fractured,IMG0002576.png,hand_dataset_prepared\train\fractured\IMG0002576.png
train,fractured,IMG0000751.png,hand_dataset_prepared\train\fractured\IMG0000751.png
train,fractured,IMG0000207.png,hand_dataset_prepared\train\fractured\IMG0000207.png
train,fractured,67 Male (L View).png,hand_dataset_prepared\train\fractured\67 Male (L View).png
train,fractured,IMG0003218.png,hand_dataset_prepared\train\fractured\IMG0003218.png
train,fractured,IMG0001546.png,hand_dataset_prepared\train\fractured\IMG0001546.png
train,fractured,IMG0002581.png,hand_dataset_prepared\train\fractured\IMG0002581.png
train,fractured,IMG0003213.png,hand_dataset_prepared\train\fractured\IMG0003213.png
train,fractured,IMG0003294.png,hand_dataset_prepared\train\fractured\IMG0003294.png
train,fractured,IMG0004262.png,hand_dataset_prepared\train\fractured\IMG0004262.png
train,fractured,IMG0002481.png,hand_dataset_prepared\train\fractured\IMG0002481.png
train,fractured,IMG0002653.png,hand_dataset_prepared\train\fractured\IMG0002653.png
train,fractured,51 Male (A View).png,hand_dataset_prepared\train\fractured\51 Male (A View).png
train,fractured,IMG0002311.png,hand_dataset_prepared\train\fractured\IMG0002311.png
train,fractured,IMG0003121.png,hand_dataset_prepared\train\fractured\IMG0003121.png
train,fractured,IMG0002597.png,hand_dataset_prepared\train\fractured\IMG0002597.png
train,fractured,IMG0003587.png,hand_dataset_prepared\train\fractured\IMG0003587.png
train,fractured,IMG0002602.png,hand_dataset_prepared\train\fractured\IMG0002602.png
train,fractured,IMG0002225.png,hand_dataset_prepared\train\fractured\IMG0002225.png
train,fractured,IMG0002615.png,hand_dataset_prepared\train\fractured\IMG0002615.png
train,fractured,IMG0003233.png,hand_dataset_prepared\train\fractured\IMG0003233.png
train,fractured,IMG0000599.png,hand_dataset_prepared\train\fractured\IMG0000599.png
train,fractured,IMG0002998.png,hand_dataset_prepared\train\fractured\IMG0002998.png
train,fractured,IMG0003112.png,hand_dataset_prepared\train\fractured\IMG0003112.png
train,fractured,IMG0004009.png,hand_dataset_prepared\train\fractured\IMG0004009.png
train,fractured,86 F (L View).png,hand_dataset_prepared\train\fractured\86 F (L View).png
train,fractured,IMG0001934.png,hand_dataset_prepared\train\fractured\IMG0001934.png
train,fractured,IMG0002524.png,hand_dataset_prepared\train\fractured\IMG0002524.png
train,fractured,10 Male (A View).png,hand_dataset_prepared\train\fractured\10 Male (A View).png
train,fractured,IMG0002585.png,hand_dataset_prepared\train\fractured\IMG0002585.png
train,fractured,IMG0002365.png,hand_dataset_prepared\train\fractured\IMG0002365.png
train,fractured,44 F (A View).png,hand_dataset_prepared\train\fractured\44 F (A View).png
train,fractured,IMG0002482.png,hand_dataset_prepared\train\fractured\IMG0002482.png
train,fractured,IMG0002611.png,hand_dataset_prepared\train\fractured\IMG0002611.png
train,fractured,IMG0002394.png,hand_dataset_prepared\train\fractured\IMG0002394.png
train,fractured,88 Male (L View).png,hand_dataset_prepared\train\fractured\88 Male (L View).png
train,fractured,IMG0002398.png,hand_dataset_prepared\train\fractured\IMG0002398.png
train,fractured,IMG0002318.png,hand_dataset_prepared\train\fractured\IMG0002318.png
train,fractured,IMG0002885.png,hand_dataset_prepared\train\fractured\IMG0002885.png
train,fractured,IMG0002518.png,hand_dataset_prepared\train\fractured\IMG0002518.png
train,fractured,91 Male (A View).png,hand_dataset_prepared\train\fractured\91 Male (A View).png
train,fractured,IMG0004043.png,hand_dataset_prepared\train\fractured\IMG0004043.png
train,fractured,IMG0002809.png,hand_dataset_prepared\train\fractured\IMG0002809.png
train,fractured,IMG0003199.png,hand_dataset_prepared\train\fractured\IMG0003199.png
train,fractured,1 Male (A View).png,hand_dataset_prepared\train\fractured\1 Male (A View).png
train,fractured,IMG0002485.png,hand_dataset_prepared\train\fractured\IMG0002485.png
train,fractured,IMG0002612.png,hand_dataset_prepared\train\fractured\IMG0002612.png
train,fractured,88 Male (A View).png,hand_dataset_prepared\train\fractured\88 Male (A View).png
train,fractured,IMG0001494.png,hand_dataset_prepared\train\fractured\IMG0001494.png
train,fractured,IMG0002397.png,hand_dataset_prepared\train\fractured\IMG0002397.png
train,fractured,58 F (L View).png,hand_dataset_prepared\train\fractured\58 F (L View).png
train,fractured,IMG0001495.png,hand_dataset_prepared\train\fractured\IMG0001495.png
train,fractured,43 Male (A View).png,hand_dataset_prepared\train\fractured\43 Male (A View).png
train,fractured,IMG0002516.png,hand_dataset_prepared\train\fractured\IMG0002516.png
train,fractured,91 Male (L View).png,hand_dataset_prepared\train\fractured\91 Male (L View).png
train,fractured,IMG0002317.png,hand_dataset_prepared\train\fractured\IMG0002317.png
train,fractured,IMG0002408.png,hand_dataset_prepared\train\fractured\IMG0002408.png
train,fractured,IMG0002287.png,hand_dataset_prepared\train\fractured\IMG0002287.png
train,fractured,63 Male (L View).png,hand_dataset_prepared\train\fractured\63 Male (L View).png
train,fractured,IMG0002517.png,hand_dataset_prepared\train\fractured\IMG0002517.png
train,fractured,IMG0000351.png,hand_dataset_prepared\train\fractured\IMG0000351.png
train,fractured,54 Male (A View).png,hand_dataset_prepared\train\fractured\54 Male (A View).png
train,fractured,IMG0002745.png,hand_dataset_prepared\train\fractured\IMG0002745.png
train,fractured,IMG0002488.png,hand_dataset_prepared\train\fractured\IMG0002488.png
train,fractured,IMG0002421.png,hand_dataset_prepared\train\fractured\IMG0002421.png
train,fractured,IMG0002265.png,hand_dataset_prepared\train\fractured\IMG0002265.png
train,fractured,IMG0000044.png,hand_dataset_prepared\train\fractured\IMG0000044.png
train,fractured,IMG0003870.png,hand_dataset_prepared\train\fractured\IMG0003870.png
train,fractured,11 Male (A View).png,hand_dataset_prepared\train\fractured\11 Male (A View).png
train,fractured,IMG0002450.png,hand_dataset_prepared\train\fractured\IMG0002450.png
train,fractured,IMG0002564.png,hand_dataset_prepared\train\fractured\IMG0002564.png
train,fractured,92 Male (L View).png,hand_dataset_prepared\train\fractured\92 Male (L View).png
train,fractured,82 Male (L View).png,hand_dataset_prepared\train\fractured\82 Male (L View).png
train,fractured,3 Male (A View).png,hand_dataset_prepared\train\fractured\3 Male (A View).png
train,fractured,IMG0002358.png,hand_dataset_prepared\train\fractured\IMG0002358.png
train,fractured,IMG0001970.png,hand_dataset_prepared\train\fractured\IMG0001970.png
train,fractured,37 Male (A View).png,hand_dataset_prepared\train\fractured\37 Male (A View).png
train,fractured,37 Male (L View).png,hand_dataset_prepared\train\fractured\37 Male (L View).png
train,fractured,IMG0001410.png,hand_dataset_prepared\train\fractured\IMG0001410.png
train,fractured,35 Male (L View).png,hand_dataset_prepared\train\fractured\35 Male (L View).png
train,fractured,IMG0002904.png,hand_dataset_prepared\train\fractured\IMG0002904.png
train,fractured,45 F (L View).png,hand_dataset_prepared\train\fractured\45 F (L View).png
train,fractured,IMG0002331.png,hand_dataset_prepared\train\fractured\IMG0002331.png
train,fractured,IMG0001361.png,hand_dataset_prepared\train\fractured\IMG0001361.png
train,fractured,IMG0004233.png,hand_dataset_prepared\train\fractured\IMG0004233.png
train,fractured,54 Male (L View).png,hand_dataset_prepared\train\fractured\54 Male (L View).png
train,fractured,IMG0002413.png,hand_dataset_prepared\train\fractured\IMG0002413.png
train,fractured,IMG0002380.png,hand_dataset_prepared\train\fractured\IMG0002380.png
train,fractured,IMG0002531.png,hand_dataset_prepared\train\fractured\IMG0002531.png
train,fractured,IMG0002503.png,hand_dataset_prepared\train\fractured\IMG0002503.png
train,fractured,66 F (L View).png,hand_dataset_prepared\train\fractured\66 F (L View).png
train,fractured,IMG0002381.png,hand_dataset_prepared\train\fractured\IMG0002381.png
train,fractured,IMG0003102.png,hand_dataset_prepared\train\fractured\IMG0003102.png
train,fractured,IMG0003565.png,hand_dataset_prepared\train\fractured\IMG0003565.png
train,fractured,IMG0002568.png,hand_dataset_prepared\train\fractured\IMG0002568.png
train,fractured,IMG0002388.png,hand_dataset_prepared\train\fractured\IMG0002388.png
train,fractured,IMG0003311.png,hand_dataset_prepared\train\fractured\IMG0003311.png
train,fractured,IMG0001639.png,hand_dataset_prepared\train\fractured\IMG0001639.png
train,fractured,IMG0001147.png,hand_dataset_prepared\train\fractured\IMG0001147.png
train,fractured,44 F (L View).png,hand_dataset_prepared\train\fractured\44 F (L View).png
train,fractured,IMG0003298.png,hand_dataset_prepared\train\fractured\IMG0003298.png
train,fractured,IMG0004374.png,hand_dataset_prepared\train\fractured\IMG0004374.png
train,fractured,IMG0002500.png,hand_dataset_prepared\train\fractured\IMG0002500.png
train,fractured,IMG0000143.png,hand_dataset_prepared\train\fractured\IMG0000143.png
train,fractured,11 Male (L View).png,hand_dataset_prepared\train\fractured\11 Male (L View).png
train,fractured,IMG0002486.png,hand_dataset_prepared\train\fractured\IMG0002486.png
train,fractured,7 Male (L View).png,hand_dataset_prepared\train\fractured\7 Male (L View).png
train,fractured,IMG0002561.png,hand_dataset_prepared\train\fractured\IMG0002561.png
train,fractured,1 Male (L View).png,hand_dataset_prepared\train\fractured\1 Male (L View).png
train,fractured,36 Male (A View).png,hand_dataset_prepared\train\fractured\36 Male (A View).png
train,fractured,IMG0004045.png,hand_dataset_prepared\train\fractured\IMG0004045.png
train,fractured,IMG0001948.png,hand_dataset_prepared\train\fractured\IMG0001948.png
train,fractured,IMG0002334.png,hand_dataset_prepared\train\fractured\IMG0002334.png
train,fractured,16 Female (A View).png,hand_dataset_prepared\train\fractured\16 Female (A View).png
train,fractured,IMG0000059.png,hand_dataset_prepared\train\fractured\IMG0000059.png
train,fractured,IMG0002354.png,hand_dataset_prepared\train\fractured\IMG0002354.png
train,fractured,IMG0001572.png,hand_dataset_prepared\train\fractured\IMG0001572.png
train,fractured,82 Male (A View).png,hand_dataset_prepared\train\fractured\82 Male (A View).png
train,fractured,IMG0002582.png,hand_dataset_prepared\train\fractured\IMG0002582.png
train,fractured,IMG0003509.png,hand_dataset_prepared\train\fractured\IMG0003509.png
train,fractured,IMG0002402.png,hand_dataset_prepared\train\fractured\IMG0002402.png
train,fractured,IMG0002610.png,hand_dataset_prepared\train\fractured\IMG0002610.png
train,fractured,IMG0002327.png,hand_dataset_prepared\train\fractured\IMG0002327.png
train,fractured,85 Male (A View).png,hand_dataset_prepared\train\fractured\85 Male (A View).png
train,fractured,IMG0000702.png,hand_dataset_prepared\train\fractured\IMG0000702.png
train,fractured,IMG0001640.png,hand_dataset_prepared\train\fractured\IMG0001640.png
train,fractured,IMG0000758.png,hand_dataset_prepared\train\fractured\IMG0000758.png
train,fractured,IMG0003420.png,hand_dataset_prepared\train\fractured\IMG0003420.png
train,fractured,4 Male ( A View).png,hand_dataset_prepared\train\fractured\4 Male ( A View).png
train,fractured,IMG0002530.png,hand_dataset_prepared\train\fractured\IMG0002530.png
train,fractured,IMG0003943.png,hand_dataset_prepared\train\fractured\IMG0003943.png
train,fractured,IMG0002332.png,hand_dataset_prepared\train\fractured\IMG0002332.png
train,fractured,67 Male (A View).png,hand_dataset_prepared\train\fractured\67 Male (A View).png
train,fractured,IMG0002410.png,hand_dataset_prepared\train\fractured\IMG0002410.png
train,fractured,IMG0002552.png,hand_dataset_prepared\train\fractured\IMG0002552.png
train,fractured,IMG0001366.png,hand_dataset_prepared\train\fractured\IMG0001366.png
train,fractured,74 M (A View).png,hand_dataset_prepared\train\fractured\74 M (A View).png
train,fractured,IMG0003510.png,hand_dataset_prepared\train\fractured\IMG0003510.png
train,fractured,IMG0000261.png,hand_dataset_prepared\train\fractured\IMG0000261.png
train,fractured,15 Male (A View).png,hand_dataset_prepared\train\fractured\15 Male (A View).png
train,fractured,IMG0002020.png,hand_dataset_prepared\train\fractured\IMG0002020.png
train,fractured,IMG0002832.png,hand_dataset_prepared\train\fractured\IMG0002832.png
train,fractured,IMG0002414.png,hand_dataset_prepared\train\fractured\IMG0002414.png
train,fractured,IMG0001236.png,hand_dataset_prepared\train\fractured\IMG0001236.png
train,fractured,15 Male (L View).png,hand_dataset_prepared\train\fractured\15 Male (L View).png
train,fractured,IMG0002300.png,hand_dataset_prepared\train\fractured\IMG0002300.png
train,fractured,IMG0002272.png,hand_dataset_prepared\train\fractured\IMG0002272.png
train,fractured,57 F (A View).png,hand_dataset_prepared\train\fractured\57 F (A View).png
train,fractured,IMG0002298.png,hand_dataset_prepared\train\fractured\IMG0002298.png
train,fractured,IMG0003942.png,hand_dataset_prepared\train\fractured\IMG0003942.png
train,fractured,45 F (A View).png,hand_dataset_prepared\train\fractured\45 F (A View).png
train,fractured,IMG0001362.png,hand_dataset_prepared\train\fractured\IMG0001362.png
train,fractured,IMG0000692.png,hand_dataset_prepared\train\fractured\IMG0000692.png
train,fractured,IMG0002466.png,hand_dataset_prepared\train\fractured\IMG0002466.png
train,fractured,IMG0002573.png,hand_dataset_prepared\train\fractured\IMG0002573.png
train,fractured,IMG0002309.png,hand_dataset_prepared\train\fractured\IMG0002309.png
train,fractured,IMG0002422.png,hand_dataset_prepared\train\fractured\IMG0002422.png
train,fractured,IMG0002532.png,hand_dataset_prepared\train\fractured\IMG0002532.png
train,fractured,IMG0002560.png,hand_dataset_prepared\train\fractured\IMG0002560.png
train,fractured,IMG0004207.png,hand_dataset_prepared\train\fractured\IMG0004207.png
train,fractured,IMG0002551.png,hand_dataset_prepared\train\fractured\IMG0002551.png
train,fractured,16 Female (L View).png,hand_dataset_prepared\train\fractured\16 Female (L View).png
train,fractured,IMG0001939.png,hand_dataset_prepared\train\fractured\IMG0001939.png
train,fractured,89 Male.png,hand_dataset_prepared\train\fractured\89 Male.png
train,fractured,IMG0002905.png,hand_dataset_prepared\train\fractured\IMG0002905.png
train,fractured,IMG0002445.png,hand_dataset_prepared\train\fractured\IMG0002445.png
train,fractured,IMG0002575.png,hand_dataset_prepared\train\fractured\IMG0002575.png
train,fractured,89 Male (L View).png,hand_dataset_prepared\train\fractured\89 Male (L View).png
train,fractured,IMG0003094.png,hand_dataset_prepared\train\fractured\IMG0003094.png
train,fractured,2 Male (L View).png,hand_dataset_prepared\train\fractured\2 Male (L View).png
train,fractured,IMG0002181.png,hand_dataset_prepared\train\fractured\IMG0002181.png
train,fractured,IMG0002351.png,hand_dataset_prepared\train\fractured\IMG0002351.png
train,fractured,IMG0002496.png,hand_dataset_prepared\train\fractured\IMG0002496.png
train,fractured,IMG0001441.png,hand_dataset_prepared\train\fractured\IMG0001441.png
train,fractured,IMG0003382.png,hand_dataset_prepared\train\fractured\IMG0003382.png
train,fractured,IMG0002405.png,hand_dataset_prepared\train\fractured\IMG0002405.png
train,fractured,IMG0000801.png,hand_dataset_prepared\train\fractured\IMG0000801.png
train,fractured,IMG0000804.png,hand_dataset_prepared\train\fractured\IMG0000804.png
train,fractured,IMG0002299.png,hand_dataset_prepared\train\fractured\IMG0002299.png
train,fractured,62 F (L View).png,hand_dataset_prepared\train\fractured\62 F (L View).png
train,fractured,IMG0002980.png,hand_dataset_prepared\train\fractured\IMG0002980.png
train,fractured,IMG0003395.png,hand_dataset_prepared\train\fractured\IMG0003395.png
train,fractured,IMG0002746.png,hand_dataset_prepared\train\fractured\IMG0002746.png
train,fractured,IMG0001781.png,hand_dataset_prepared\train\fractured\IMG0001781.png
train,fractured,IMG0003280.png,hand_dataset_prepared\train\fractured\IMG0003280.png
train,fractured,IMG0000307.png,hand_dataset_prepared\train\fractured\IMG0000307.png
train,fractured,92 Male (A View).png,hand_dataset_prepared\train\fractured\92 Male (A View).png
train,fractured,36 Male (A2 View).png,hand_dataset_prepared\train\fractured\36 Male (A2 View).png
train,fractured,IMG0001041.png,hand_dataset_prepared\train\fractured\IMG0001041.png
train,fractured,IMG0002411.png,hand_dataset_prepared\train\fractured\IMG0002411.png
train,fractured,IMG0003905.png,hand_dataset_prepared\train\fractured\IMG0003905.png
train,fractured,IMG0003712.png,hand_dataset_prepared\train\fractured\IMG0003712.png
train,fractured,5 Male (A View).png,hand_dataset_prepared\train\fractured\5 Male (A View).png
train,fractured,IMG0003419.png,hand_dataset_prepared\train\fractured\IMG0003419.png
train,fractured,47 Male (L View).png,hand_dataset_prepared\train\fractured\47 Male (L View).png
train,fractured,IMG0000206.png,hand_dataset_prepared\train\fractured\IMG0000206.png
train,fractured,IMG0000352.png,hand_dataset_prepared\train\fractured\IMG0000352.png
train,fractured,IMG0002470.png,hand_dataset_prepared\train\fractured\IMG0002470.png
train,fractured,IMG0001198.png,hand_dataset_prepared\train\fractured\IMG0001198.png
train,fractured,IMG0002359.png,hand_dataset_prepared\train\fractured\IMG0002359.png
train,fractured,IMG0002464.png,hand_dataset_prepared\train\fractured\IMG0002464.png
train,fractured,94 F (L View).png,hand_dataset_prepared\train\fractured\94 F (L View).png
train,fractured,IMG0002328.png,hand_dataset_prepared\train\fractured\IMG0002328.png
train,fractured,IMG0002574.png,hand_dataset_prepared\train\fractured\IMG0002574.png
train,fractured,2 Male (A View).png,hand_dataset_prepared\train\fractured\2 Male (A View).png
train,fractured,90 Male (L View).png,hand_dataset_prepared\train\fractured\90 Male (L View).png
train,fractured,IMG0004375.png,hand_dataset_prepared\train\fractured\IMG0004375.png
train,fractured,IMG0001971.png,hand_dataset_prepared\train\fractured\IMG0001971.png
train,fractured,IMG0003654.png,hand_dataset_prepared\train\fractured\IMG0003654.png
train,fractured,IMG0002362.png,hand_dataset_prepared\train\fractured\IMG0002362.png
train,fractured,5 Male (L View).png,hand_dataset_prepared\train\fractured\5 Male (L View).png
train,fractured,IMG0002935.png,hand_dataset_prepared\train\fractured\IMG0002935.png
train,fractured,IMG0002834.png,hand_dataset_prepared\train\fractured\IMG0002834.png
train,fractured,4 Male (L View).png,hand_dataset_prepared\train\fractured\4 Male (L View).png
train,fractured,IMG0002584.png,hand_dataset_prepared\train\fractured\IMG0002584.png
train,fractured,IMG0002423.png,hand_dataset_prepared\train\fractured\IMG0002423.png
train,fractured,IMG0002484.png,hand_dataset_prepared\train\fractured\IMG0002484.png
train,fractured,IMG0002600.png,hand_dataset_prepared\train\fractured\IMG0002600.png
train,fractured,40 F (L View).png,hand_dataset_prepared\train\fractured\40 F (L View).png
train,fractured,65 Male (L View).png,hand_dataset_prepared\train\fractured\65 Male (L View).png
train,fractured,IMG0002480.png,hand_dataset_prepared\train\fractured\IMG0002480.png
train,fractured,IMG0002469.png,hand_dataset_prepared\train\fractured\IMG0002469.png
train,fractured,IMG0000142.png,hand_dataset_prepared\train\fractured\IMG0000142.png
train,fractured,9 Male (L View).png,hand_dataset_prepared\train\fractured\9 Male (L View).png
train,fractured,IMG0003381.png,hand_dataset_prepared\train\fractured\IMG0003381.png
train,fractured,59 F (A View).png,hand_dataset_prepared\train\fractured\59 F (A View).png
train,fractured,87 F (L View).png,hand_dataset_prepared\train\fractured\87 F (L View).png
train,fractured,IMG0002492.png,hand_dataset_prepared\train\fractured\IMG0002492.png
train,fractured,IMG0002487.png,hand_dataset_prepared\train\fractured\IMG0002487.png
train,fractured,IMG0002579.png,hand_dataset_prepared\train\fractured\IMG0002579.png
train,fractured,IMG0000190.png,hand_dataset_prepared\train\fractured\IMG0000190.png
train,fractured,IMG0000189.png,hand_dataset_prepared\train\fractured\IMG0000189.png
train,fractured,IMG0002357.png,hand_dataset_prepared\train\fractured\IMG0002357.png
train,fractured,IMG0003653.png,hand_dataset_prepared\train\fractured\IMG0003653.png
train,fractured,IMG0000155.png,hand_dataset_prepared\train\fractured\IMG0000155.png
train,fractured,IMG0002463.png,hand_dataset_prepared\train\fractured\IMG0002463.png
train,fractured,IMG0002498.png,hand_dataset_prepared\train\fractured\IMG0002498.png
train,fractured,IMG0004068.png,hand_dataset_prepared\train\fractured\IMG0004068.png
train,fractured,IMG0003383.png,hand_dataset_prepared\train\fractured\IMG0003383.png
train,fractured,IMG0002603.png,hand_dataset_prepared\train\fractured\IMG0002603.png
train,fractured,IMG0002325.png,hand_dataset_prepared\train\fractured\IMG0002325.png
train,fractured,IMG0000762.png,hand_dataset_prepared\train\fractured\IMG0000762.png
train,fractured,IMG0002646.png,hand_dataset_prepared\train\fractured\IMG0002646.png
train,fractured,IMG0002446.png,hand_dataset_prepared\train\fractured\IMG0002446.png
train,fractured,IMG0002315.png,hand_dataset_prepared\train\fractured\IMG0002315.png
train,fractured,IMG0003264.png,hand_dataset_prepared\train\fractured\IMG0003264.png
train,fractured,IMG0002360.png,hand_dataset_prepared\train\fractured\IMG0002360.png
train,fractured,IMG0002934.png,hand_dataset_prepared\train\fractured\IMG0002934.png
train,fractured,IMG0004071.png,hand_dataset_prepared\train\fractured\IMG0004071.png
train,fractured,87 F (A View).png,hand_dataset_prepared\train\fractured\87 F (A View).png
train,fractured,IMG0003810.png,hand_dataset_prepared\train\fractured\IMG0003810.png
train,non_fractured,IMG0002072.png,hand_dataset_prepared\train\non_fractured\IMG0002072.png
train,non_fractured,IMG0003007.png,hand_dataset_prepared\train\non_fractured\IMG0003007.png
train,non_fractured,IMG0003764.png,hand_dataset_prepared\train\non_fractured\IMG0003764.png
train,non_fractured,IMG0001308.png,hand_dataset_prepared\train\non_fractured\IMG0001308.png
train,non_fractured,IMG0003333.png,hand_dataset_prepared\train\non_fractured\IMG0003333.png
train,non_fractured,IMG0003530.png,hand_dataset_prepared\train\non_fractured\IMG0003530.png
train,non_fractured,IMG0002938.png,hand_dataset_prepared\train\non_fractured\IMG0002938.png
train,non_fractured,23.png,hand_dataset_prepared\train\non_fractured\23.png
train,non_fractured,IMG0003592.png,hand_dataset_prepared\train\non_fractured\IMG0003592.png
train,non_fractured,IMG0003067.png,hand_dataset_prepared\train\non_fractured\IMG0003067.png
train,non_fractured,IMG0001294.png,hand_dataset_prepared\train\non_fractured\IMG0001294.png
train,non_fractured,IMG0003577.png,hand_dataset_prepared\train\non_fractured\IMG0003577.png
train,non_fractured,IMG0000368.png,hand_dataset_prepared\train\non_fractured\IMG0000368.png
train,non_fractured,IMG0000519.png,hand_dataset_prepared\train\non_fractured\IMG0000519.png
train,non_fractured,IMG0001125.png,hand_dataset_prepared\train\non_fractured\IMG0001125.png
train,non_fractured,IMG0000406.png,hand_dataset_prepared\train\non_fractured\IMG0000406.png
train,non_fractured,IMG0000371.png,hand_dataset_prepared\train\non_fractured\IMG0000371.png
train,non_fractured,IMG0003961.png,hand_dataset_prepared\train\non_fractured\IMG0003961.png
train,non_fractured,IMG0003066.png,hand_dataset_prepared\train\non_fractured\IMG0003066.png
train,non_fractured,IMG0000581.png,hand_dataset_prepared\train\non_fractured\IMG0000581.png
train,non_fractured,IMG0001162.png,hand_dataset_prepared\train\non_fractured\IMG0001162.png
train,non_fractured,IMG0001223.png,hand_dataset_prepared\train\non_fractured\IMG0001223.png
train,non_fractured,IMG0003296.png,hand_dataset_prepared\train\non_fractured\IMG0003296.png
train,non_fractured,IMG0000846.png,hand_dataset_prepared\train\non_fractured\IMG0000846.png
train,non_fractured,IMG0003835.png,hand_dataset_prepared\train\non_fractured\IMG0003835.png
train,non_fractured,IMG0001559.png,hand_dataset_prepared\train\non_fractured\IMG0001559.png
train,non_fractured,IMG0000827.png,hand_dataset_prepared\train\non_fractured\IMG0000827.png
train,non_fractured,IMG0003661.png,hand_dataset_prepared\train\non_fractured\IMG0003661.png
train,non_fractured,IMG0003452.png,hand_dataset_prepared\train\non_fractured\IMG0003452.png
train,non_fractured,IMG0004270.png,hand_dataset_prepared\train\non_fractured\IMG0004270.png
train,non_fractured,IMG0002742.png,hand_dataset_prepared\train\non_fractured\IMG0002742.png
train,non_fractured,IMG0002645.png,hand_dataset_prepared\train\non_fractured\IMG0002645.png
train,non_fractured,IMG0001086.png,hand_dataset_prepared\train\non_fractured\IMG0001086.png
train,non_fractured,76.png,hand_dataset_prepared\train\non_fractured\76.png
train,non_fractured,IMG0000252.png,hand_dataset_prepared\train\non_fractured\IMG0000252.png
train,non_fractured,IMG0004189.png,hand_dataset_prepared\train\non_fractured\IMG0004189.png
train,non_fractured,IMG0001969.png,hand_dataset_prepared\train\non_fractured\IMG0001969.png
train,non_fractured,IMG0001197.png,hand_dataset_prepared\train\non_fractured\IMG0001197.png
train,non_fractured,68.png,hand_dataset_prepared\train\non_fractured\68.png
train,non_fractured,17.png,hand_dataset_prepared\train\non_fractured\17.png
train,non_fractured,IMG0001518.png,hand_dataset_prepared\train\non_fractured\IMG0001518.png
train,non_fractured,IMG0000511.png,hand_dataset_prepared\train\non_fractured\IMG0000511.png
train,non_fractured,IMG0003456.png,hand_dataset_prepared\train\non_fractured\IMG0003456.png
train,non_fractured,IMG0001120.png,hand_dataset_prepared\train\non_fractured\IMG0001120.png
train,non_fractured,IMG0000604.png,hand_dataset_prepared\train\non_fractured\IMG0000604.png
train,non_fractured,IMG0003960.png,hand_dataset_prepared\train\non_fractured\IMG0003960.png
train,non_fractured,IMG0002087.png,hand_dataset_prepared\train\non_fractured\IMG0002087.png
train,non_fractured,IMG0003064.png,hand_dataset_prepared\train\non_fractured\IMG0003064.png
train,non_fractured,IMG0003768.png,hand_dataset_prepared\train\non_fractured\IMG0003768.png
train,non_fractured,IMG0001997.png,hand_dataset_prepared\train\non_fractured\IMG0001997.png
train,non_fractured,IMG0003089.png,hand_dataset_prepared\train\non_fractured\IMG0003089.png
train,non_fractured,24.png,hand_dataset_prepared\train\non_fractured\24.png
train,non_fractured,IMG0000383.png,hand_dataset_prepared\train\non_fractured\IMG0000383.png
train,non_fractured,IMG0000148.png,hand_dataset_prepared\train\non_fractured\IMG0000148.png
train,non_fractured,IMG0003677.png,hand_dataset_prepared\train\non_fractured\IMG0003677.png
train,non_fractured,IMG0000559.png,hand_dataset_prepared\train\non_fractured\IMG0000559.png
train,non_fractured,IMG0003046.png,hand_dataset_prepared\train\non_fractured\IMG0003046.png
train,non_fractured,58.png,hand_dataset_prepared\train\non_fractured\58.png
train,non_fractured,IMG0001700.png,hand_dataset_prepared\train\non_fractured\IMG0001700.png
train,non_fractured,IMG0003155.png,hand_dataset_prepared\train\non_fractured\IMG0003155.png
train,non_fractured,IMG0003065.png,hand_dataset_prepared\train\non_fractured\IMG0003065.png
train,non_fractured,IMG0000558.png,hand_dataset_prepared\train\non_fractured\IMG0000558.png
train,non_fractured,IMG0002003.png,hand_dataset_prepared\train\non_fractured\IMG0002003.png
train,non_fractured,IMG0000485.png,hand_dataset_prepared\train\non_fractured\IMG0000485.png
train,non_fractured,64.png,hand_dataset_prepared\train\non_fractured\64.png
train,non_fractured,IMG0001344.png,hand_dataset_prepared\train\non_fractured\IMG0001344.png
train,non_fractured,IMG0001682.png,hand_dataset_prepared\train\non_fractured\IMG0001682.png
train,non_fractured,62.png,hand_dataset_prepared\train\non_fractured\62.png
train,non_fractured,IMG0001638.png,hand_dataset_prepared\train\non_fractured\IMG0001638.png
train,non_fractured,IMG0004236.png,hand_dataset_prepared\train\non_fractured\IMG0004236.png
train,non_fractured,IMG0003643.png,hand_dataset_prepared\train\non_fractured\IMG0003643.png
train,non_fractured,IMG0001081.png,hand_dataset_prepared\train\non_fractured\IMG0001081.png
train,non_fractured,IMG0003590.png,hand_dataset_prepared\train\non_fractured\IMG0003590.png
train,non_fractured,IMG0000367.png,hand_dataset_prepared\train\non_fractured\IMG0000367.png
train,non_fractured,IMG0001622.png,hand_dataset_prepared\train\non_fractured\IMG0001622.png
train,non_fractured,IMG0003088.png,hand_dataset_prepared\train\non_fractured\IMG0003088.png
train,non_fractured,IMG0001909.png,hand_dataset_prepared\train\non_fractured\IMG0001909.png
train,non_fractured,IMG0003393.png,hand_dataset_prepared\train\non_fractured\IMG0003393.png
train,non_fractured,IMG0000577.png,hand_dataset_prepared\train\non_fractured\IMG0000577.png
train,non_fractured,IMG0001001.png,hand_dataset_prepared\train\non_fractured\IMG0001001.png
train,non_fractured,IMG0000618.png,hand_dataset_prepared\train\non_fractured\IMG0000618.png
train,non_fractured,IMG0000676.png,hand_dataset_prepared\train\non_fractured\IMG0000676.png
train,non_fractured,IMG0001918.png,hand_dataset_prepared\train\non_fractured\IMG0001918.png
train,non_fractured,42.png,hand_dataset_prepared\train\non_fractured\42.png
train,non_fractured,IMG0000696.png,hand_dataset_prepared\train\non_fractured\IMG0000696.png
train,non_fractured,IMG0001517.png,hand_dataset_prepared\train\non_fractured\IMG0001517.png
train,non_fractured,IMG0001915.png,hand_dataset_prepared\train\non_fractured\IMG0001915.png
train,non_fractured,IMG0003595.png,hand_dataset_prepared\train\non_fractured\IMG0003595.png
train,non_fractured,IMG0001078.png,hand_dataset_prepared\train\non_fractured\IMG0001078.png
train,non_fractured,IMG0001137.png,hand_dataset_prepared\train\non_fractured\IMG0001137.png
train,non_fractured,IMG0000602.png,hand_dataset_prepared\train\non_fractured\IMG0000602.png
train,non_fractured,IMG0003756.png,hand_dataset_prepared\train\non_fractured\IMG0003756.png
train,non_fractured,IMG0000373.png,hand_dataset_prepared\train\non_fractured\IMG0000373.png
train,non_fractured,IMG0001759.png,hand_dataset_prepared\train\non_fractured\IMG0001759.png
train,non_fractured,60.png,hand_dataset_prepared\train\non_fractured\60.png
train,non_fractured,IMG0002219.png,hand_dataset_prepared\train\non_fractured\IMG0002219.png
train,non_fractured,IMG0000884.png,hand_dataset_prepared\train\non_fractured\IMG0000884.png
train,non_fractured,IMG0000802.png,hand_dataset_prepared\train\non_fractured\IMG0000802.png
train,non_fractured,IMG0002157.png,hand_dataset_prepared\train\non_fractured\IMG0002157.png
train,non_fractured,IMG0001608.png,hand_dataset_prepared\train\non_fractured\IMG0001608.png
train,non_fractured,IMG0001340.png,hand_dataset_prepared\train\non_fractured\IMG0001340.png
train,non_fractured,IMG0000900.png,hand_dataset_prepared\train\non_fractured\IMG0000900.png
train,non_fractured,IMG0000887.png,hand_dataset_prepared\train\non_fractured\IMG0000887.png
train,non_fractured,40.png,hand_dataset_prepared\train\non_fractured\40.png
train,non_fractured,IMG0003556.png,hand_dataset_prepared\train\non_fractured\IMG0003556.png
train,non_fractured,IMG0000782.png,hand_dataset_prepared\train\non_fractured\IMG0000782.png
train,non_fractured,IMG0001856.png,hand_dataset_prepared\train\non_fractured\IMG0001856.png
train,non_fractured,IMG0001493.png,hand_dataset_prepared\train\non_fractured\IMG0001493.png
train,non_fractured,IMG0001209.png,hand_dataset_prepared\train\non_fractured\IMG0001209.png
train,non_fractured,IMG0000103.png,hand_dataset_prepared\train\non_fractured\IMG0000103.png
train,non_fractured,IMG0003755.png,hand_dataset_prepared\train\non_fractured\IMG0003755.png
train,non_fractured,IMG0001609.png,hand_dataset_prepared\train\non_fractured\IMG0001609.png
train,non_fractured,IMG0003482.png,hand_dataset_prepared\train\non_fractured\IMG0003482.png
train,non_fractured,IMG0002764.png,hand_dataset_prepared\train\non_fractured\IMG0002764.png
train,non_fractured,IMG0001857.png,hand_dataset_prepared\train\non_fractured\IMG0001857.png
train,non_fractured,IMG0003634.png,hand_dataset_prepared\train\non_fractured\IMG0003634.png
train,non_fractured,IMG0002966.png,hand_dataset_prepared\train\non_fractured\IMG0002966.png
train,non_fractured,IMG0001516.png,hand_dataset_prepared\train\non_fractured\IMG0001516.png
train,non_fractured,45.png,hand_dataset_prepared\train\non_fractured\45.png
train,non_fractured,IMG0004265.png,hand_dataset_prepared\train\non_fractured\IMG0004265.png
train,non_fractured,IMG0001110.png,hand_dataset_prepared\train\non_fractured\IMG0001110.png
train,non_fractured,IMG0000695.png,hand_dataset_prepared\train\non_fractured\IMG0000695.png
train,non_fractured,IMG0003148.png,hand_dataset_prepared\train\non_fractured\IMG0003148.png
train,non_fractured,IMG0001131.png,hand_dataset_prepared\train\non_fractured\IMG0001131.png
train,non_fractured,IMG0003811.png,hand_dataset_prepared\train\non_fractured\IMG0003811.png
train,non_fractured,IMG0000380.png,hand_dataset_prepared\train\non_fractured\IMG0000380.png
train,non_fractured,IMG0003246.png,hand_dataset_prepared\train\non_fractured\IMG0003246.png
train,non_fractured,IMG0002064.png,hand_dataset_prepared\train\non_fractured\IMG0002064.png
train,non_fractured,IMG0001567.png,hand_dataset_prepared\train\non_fractured\IMG0001567.png
train,non_fractured,IMG0001372.png,hand_dataset_prepared\train\non_fractured\IMG0001372.png
train,non_fractured,IMG0002066.png,hand_dataset_prepared\train\non_fractured\IMG0002066.png
train,non_fractured,IMG0003302.png,hand_dataset_prepared\train\non_fractured\IMG0003302.png
train,non_fractured,IMG0002777.png,hand_dataset_prepared\train\non_fractured\IMG0002777.png
train,non_fractured,IMG0003668.png,hand_dataset_prepared\train\non_fractured\IMG0003668.png
train,non_fractured,IMG0001769.png,hand_dataset_prepared\train\non_fractured\IMG0001769.png
train,non_fractured,IMG0003133.png,hand_dataset_prepared\train\non_fractured\IMG0003133.png
train,non_fractured,IMG0000761.png,hand_dataset_prepared\train\non_fractured\IMG0000761.png
train,non_fractured,IMG0001090.png,hand_dataset_prepared\train\non_fractured\IMG0001090.png
train,non_fractured,IMG0004119.png,hand_dataset_prepared\train\non_fractured\IMG0004119.png
train,non_fractured,IMG0003700.png,hand_dataset_prepared\train\non_fractured\IMG0003700.png
train,non_fractured,13.png,hand_dataset_prepared\train\non_fractured\13.png
train,non_fractured,IMG0002882.png,hand_dataset_prepared\train\non_fractured\IMG0002882.png
train,non_fractured,IMG0002974.png,hand_dataset_prepared\train\non_fractured\IMG0002974.png
train,non_fractured,IMG0000795.png,hand_dataset_prepared\train\non_fractured\IMG0000795.png
train,non_fractured,IMG0001674.png,hand_dataset_prepared\train\non_fractured\IMG0001674.png
train,non_fractured,IMG0002012.png,hand_dataset_prepared\train\non_fractured\IMG0002012.png
train,non_fractured,IMG0003753.png,hand_dataset_prepared\train\non_fractured\IMG0003753.png
train,non_fractured,IMG0001511.png,hand_dataset_prepared\train\non_fractured\IMG0001511.png
train,non_fractured,IMG0003415.png,hand_dataset_prepared\train\non_fractured\IMG0003415.png
train,non_fractured,IMG0003638.png,hand_dataset_prepared\train\non_fractured\IMG0003638.png
train,non_fractured,IMG0000447.png,hand_dataset_prepared\train\non_fractured\IMG0000447.png
train,non_fractured,IMG0001301.png,hand_dataset_prepared\train\non_fractured\IMG0001301.png
train,non_fractured,IMG0002744.png,hand_dataset_prepared\train\non_fractured\IMG0002744.png
train,non_fractured,IMG0001347.png,hand_dataset_prepared\train\non_fractured\IMG0001347.png
train,non_fractured,IMG0001912.png,hand_dataset_prepared\train\non_fractured\IMG0001912.png
train,non_fractured,IMG0001491.png,hand_dataset_prepared\train\non_fractured\IMG0001491.png
train,non_fractured,IMG0001901.png,hand_dataset_prepared\train\non_fractured\IMG0001901.png
train,non_fractured,IMG0001279.png,hand_dataset_prepared\train\non_fractured\IMG0001279.png
train,non_fractured,IMG0004286.png,hand_dataset_prepared\train\non_fractured\IMG0004286.png
train,non_fractured,IMG0003980.png,hand_dataset_prepared\train\non_fractured\IMG0003980.png
train,non_fractured,IMG0000769.png,hand_dataset_prepared\train\non_fractured\IMG0000769.png
train,non_fractured,IMG0001956.png,hand_dataset_prepared\train\non_fractured\IMG0001956.png
train,non_fractured,IMG0001723.png,hand_dataset_prepared\train\non_fractured\IMG0001723.png
train,non_fractured,IMG0000663.png,hand_dataset_prepared\train\non_fractured\IMG0000663.png
train,non_fractured,IMG0003354.png,hand_dataset_prepared\train\non_fractured\IMG0003354.png
train,non_fractured,IMG0003110.png,hand_dataset_prepared\train\non_fractured\IMG0003110.png
train,non_fractured,IMG0001307.png,hand_dataset_prepared\train\non_fractured\IMG0001307.png
train,non_fractured,IMG0001907.png,hand_dataset_prepared\train\non_fractured\IMG0001907.png
train,non_fractured,IMG0003061.png,hand_dataset_prepared\train\non_fractured\IMG0003061.png
train,non_fractured,12.png,hand_dataset_prepared\train\non_fractured\12.png
train,non_fractured,IMG0001324.png,hand_dataset_prepared\train\non_fractured\IMG0001324.png
train,non_fractured,IMG0001238.png,hand_dataset_prepared\train\non_fractured\IMG0001238.png
train,non_fractured,IMG0003937.png,hand_dataset_prepared\train\non_fractured\IMG0003937.png
train,non_fractured,IMG0003982.png,hand_dataset_prepared\train\non_fractured\IMG0003982.png
train,non_fractured,IMG0003136.png,hand_dataset_prepared\train\non_fractured\IMG0003136.png
train,non_fractured,IMG0003320.png,hand_dataset_prepared\train\non_fractured\IMG0003320.png
train,non_fractured,IMG0001419.png,hand_dataset_prepared\train\non_fractured\IMG0001419.png
train,non_fractured,IMG0002189.png,hand_dataset_prepared\train\non_fractured\IMG0002189.png
train,non_fractured,IMG0004065.png,hand_dataset_prepared\train\non_fractured\IMG0004065.png
train,non_fractured,IMG0003449.png,hand_dataset_prepared\train\non_fractured\IMG0003449.png
train,non_fractured,IMG0000860.png,hand_dataset_prepared\train\non_fractured\IMG0000860.png
train,non_fractured,IMG0003629.png,hand_dataset_prepared\train\non_fractured\IMG0003629.png
train,non_fractured,IMG0002226.png,hand_dataset_prepared\train\non_fractured\IMG0002226.png
train,non_fractured,IMG0000626.png,hand_dataset_prepared\train\non_fractured\IMG0000626.png
train,non_fractured,IMG0000199.png,hand_dataset_prepared\train\non_fractured\IMG0000199.png
train,non_fractured,IMG0001225.png,hand_dataset_prepared\train\non_fractured\IMG0001225.png
train,non_fractured,IMG0002835.png,hand_dataset_prepared\train\non_fractured\IMG0002835.png
train,non_fractured,IMG0003391.png,hand_dataset_prepared\train\non_fractured\IMG0003391.png
train,non_fractured,IMG0001521.png,hand_dataset_prepared\train\non_fractured\IMG0001521.png
train,non_fractured,IMG0000260.png,hand_dataset_prepared\train\non_fractured\IMG0000260.png
train,non_fractured,IMG0000999.png,hand_dataset_prepared\train\non_fractured\IMG0000999.png
train,non_fractured,IMG0001353.png,hand_dataset_prepared\train\non_fractured\IMG0001353.png
train,non_fractured,IMG0000890.png,hand_dataset_prepared\train\non_fractured\IMG0000890.png
train,non_fractured,IMG0000800.png,hand_dataset_prepared\train\non_fractured\IMG0000800.png
train,non_fractured,IMG0000544.png,hand_dataset_prepared\train\non_fractured\IMG0000544.png
train,non_fractured,IMG0003876.png,hand_dataset_prepared\train\non_fractured\IMG0003876.png
train,non_fractured,7.png,hand_dataset_prepared\train\non_fractured\7.png
train,non_fractured,IMG0001062.png,hand_dataset_prepared\train\non_fractured\IMG0001062.png
train,non_fractured,IMG0002259.png,hand_dataset_prepared\train\non_fractured\IMG0002259.png
train,non_fractured,IMG0003327.png,hand_dataset_prepared\train\non_fractured\IMG0003327.png
train,non_fractured,IMG0000123.png,hand_dataset_prepared\train\non_fractured\IMG0000123.png
train,non_fractured,IMG0002136.png,hand_dataset_prepared\train\non_fractured\IMG0002136.png
train,non_fractured,IMG0001923.png,hand_dataset_prepared\train\non_fractured\IMG0001923.png
train,non_fractured,IMG0003127.png,hand_dataset_prepared\train\non_fractured\IMG0003127.png
train,non_fractured,IMG0000793.png,hand_dataset_prepared\train\non_fractured\IMG0000793.png
train,non_fractured,IMG0001766.png,hand_dataset_prepared\train\non_fractured\IMG0001766.png
train,non_fractured,IMG0002670.png,hand_dataset_prepared\train\non_fractured\IMG0002670.png
train,non_fractured,IMG0003705.png,hand_dataset_prepared\train\non_fractured\IMG0003705.png
train,non_fractured,IMG0001046.png,hand_dataset_prepared\train\non_fractured\IMG0001046.png
train,non_fractured,IMG0003983.png,hand_dataset_prepared\train\non_fractured\IMG0003983.png
train,non_fractured,19.png,hand_dataset_prepared\train\non_fractured\19.png
train,non_fractured,IMG0004264.png,hand_dataset_prepared\train\non_fractured\IMG0004264.png
train,non_fractured,IMG0001986.png,hand_dataset_prepared\train\non_fractured\IMG0001986.png
train,non_fractured,IMG0000866.png,hand_dataset_prepared\train\non_fractured\IMG0000866.png
train,non_fractured,IMG0000675.png,hand_dataset_prepared\train\non_fractured\IMG0000675.png
train,non_fractured,IMG0002858.png,hand_dataset_prepared\train\non_fractured\IMG0002858.png
train,non_fractured,IMG0002177.png,hand_dataset_prepared\train\non_fractured\IMG0002177.png
train,non_fractured,75.png,hand_dataset_prepared\train\non_fractured\75.png
train,non_fractured,IMG0003072.png,hand_dataset_prepared\train\non_fractured\IMG0003072.png
train,non_fractured,IMG0003922.png,hand_dataset_prepared\train\non_fractured\IMG0003922.png
train,non_fractured,IMG0000423.png,hand_dataset_prepared\train\non_fractured\IMG0000423.png
train,non_fractured,IMG0002150.png,hand_dataset_prepared\train\non_fractured\IMG0002150.png
train,non_fractured,IMG0000515.png,hand_dataset_prepared\train\non_fractured\IMG0000515.png
train,non_fractured,IMG0003224.png,hand_dataset_prepared\train\non_fractured\IMG0003224.png
train,non_fractured,IMG0002940.png,hand_dataset_prepared\train\non_fractured\IMG0002940.png
train,non_fractured,IMG0003081.png,hand_dataset_prepared\train\non_fractured\IMG0003081.png
train,non_fractured,IMG0001385.png,hand_dataset_prepared\train\non_fractured\IMG0001385.png
train,non_fractured,IMG0002088.png,hand_dataset_prepared\train\non_fractured\IMG0002088.png
train,non_fractured,IMG0002741.png,hand_dataset_prepared\train\non_fractured\IMG0002741.png
train,non_fractured,IMG0001990.png,hand_dataset_prepared\train\non_fractured\IMG0001990.png
train,non_fractured,IMG0003485.png,hand_dataset_prepared\train\non_fractured\IMG0003485.png
train,non_fractured,IMG0002099.png,hand_dataset_prepared\train\non_fractured\IMG0002099.png
train,non_fractured,IMG0000601.png,hand_dataset_prepared\train\non_fractured\IMG0000601.png
train,non_fractured,IMG0003334.png,hand_dataset_prepared\train\non_fractured\IMG0003334.png
train,non_fractured,IMG0002109.png,hand_dataset_prepared\train\non_fractured\IMG0002109.png
train,non_fractured,IMG0001105.png,hand_dataset_prepared\train\non_fractured\IMG0001105.png
train,non_fractured,IMG0001077.png,hand_dataset_prepared\train\non_fractured\IMG0001077.png
train,non_fractured,IMG0004120.png,hand_dataset_prepared\train\non_fractured\IMG0004120.png
train,non_fractured,IMG0002884.png,hand_dataset_prepared\train\non_fractured\IMG0002884.png
train,non_fractured,IMG0002625.png,hand_dataset_prepared\train\non_fractured\IMG0002625.png
train,non_fractured,IMG0001004.png,hand_dataset_prepared\train\non_fractured\IMG0001004.png
train,non_fractured,IMG0001172.png,hand_dataset_prepared\train\non_fractured\IMG0001172.png
train,non_fractured,IMG0002076.png,hand_dataset_prepared\train\non_fractured\IMG0002076.png
train,non_fractured,IMG0000161.png,hand_dataset_prepared\train\non_fractured\IMG0000161.png
train,non_fractured,IMG0001237.png,hand_dataset_prepared\train\non_fractured\IMG0001237.png
train,non_fractured,IMG0003914.png,hand_dataset_prepared\train\non_fractured\IMG0003914.png
train,non_fractured,IMG0004252.png,hand_dataset_prepared\train\non_fractured\IMG0004252.png
train,non_fractured,IMG0003413.png,hand_dataset_prepared\train\non_fractured\IMG0003413.png
train,non_fractured,IMG0001412.png,hand_dataset_prepared\train\non_fractured\IMG0001412.png
train,non_fractured,IMG0002988.png,hand_dataset_prepared\train\non_fractured\IMG0002988.png
train,non_fractured,IMG0000164.png,hand_dataset_prepared\train\non_fractured\IMG0000164.png
train,non_fractured,IMG0000529.png,hand_dataset_prepared\train\non_fractured\IMG0000529.png
train,non_fractured,IMG0000561.png,hand_dataset_prepared\train\non_fractured\IMG0000561.png
train,non_fractured,IMG0000904.png,hand_dataset_prepared\train\non_fractured\IMG0000904.png
train,non_fractured,IMG0001765.png,hand_dataset_prepared\train\non_fractured\IMG0001765.png
train,non_fractured,IMG0000568.png,hand_dataset_prepared\train\non_fractured\IMG0000568.png
train,non_fractured,IMG0000861.png,hand_dataset_prepared\train\non_fractured\IMG0000861.png
train,non_fractured,IMG0000046.png,hand_dataset_prepared\train\non_fractured\IMG0000046.png
train,non_fractured,IMG0003323.png,hand_dataset_prepared\train\non_fractured\IMG0003323.png
train,non_fractured,IMG0001911.png,hand_dataset_prepared\train\non_fractured\IMG0001911.png
train,non_fractured,IMG0003570.png,hand_dataset_prepared\train\non_fractured\IMG0003570.png
train,non_fractured,IMG0003003.png,hand_dataset_prepared\train\non_fractured\IMG0003003.png
train,non_fractured,IMG0002194.png,hand_dataset_prepared\train\non_fractured\IMG0002194.png
train,non_fractured,IMG0001927.png,hand_dataset_prepared\train\non_fractured\IMG0001927.png
train,non_fractured,IMG0000036.png,hand_dataset_prepared\train\non_fractured\IMG0000036.png
train,non_fractured,IMG0000832.png,hand_dataset_prepared\train\non_fractured\IMG0000832.png
train,non_fractured,IMG0003512.png,hand_dataset_prepared\train\non_fractured\IMG0003512.png
train,non_fractured,IMG0001793.png,hand_dataset_prepared\train\non_fractured\IMG0001793.png
train,non_fractured,37.png,hand_dataset_prepared\train\non_fractured\37.png
train,non_fractured,IMG0001728.png,hand_dataset_prepared\train\non_fractured\IMG0001728.png
train,non_fractured,IMG0002268.png,hand_dataset_prepared\train\non_fractured\IMG0002268.png
train,non_fractured,20.png,hand_dataset_prepared\train\non_fractured\20.png
train,non_fractured,IMG0001611.png,hand_dataset_prepared\train\non_fractured\IMG0001611.png
train,non_fractured,IMG0001293.png,hand_dataset_prepared\train\non_fractured\IMG0001293.png
train,non_fractured,IMG0001794.png,hand_dataset_prepared\train\non_fractured\IMG0001794.png
train,non_fractured,IMG0001954.png,hand_dataset_prepared\train\non_fractured\IMG0001954.png
train,non_fractured,IMG0000878.png,hand_dataset_prepared\train\non_fractured\IMG0000878.png
train,non_fractured,IMG0002641.png,hand_dataset_prepared\train\non_fractured\IMG0002641.png
train,non_fractured,IMG0003259.png,hand_dataset_prepared\train\non_fractured\IMG0003259.png
train,non_fractured,IMG0001163.png,hand_dataset_prepared\train\non_fractured\IMG0001163.png
train,non_fractured,IMG0003596.png,hand_dataset_prepared\train\non_fractured\IMG0003596.png
train,non_fractured,IMG0002632.png,hand_dataset_prepared\train\non_fractured\IMG0002632.png
train,non_fractured,46.png,hand_dataset_prepared\train\non_fractured\46.png
train,non_fractured,IMG0003998.png,hand_dataset_prepared\train\non_fractured\IMG0003998.png
train,non_fractured,IMG0001522.png,hand_dataset_prepared\train\non_fractured\IMG0001522.png
train,non_fractured,IMG0001906.png,hand_dataset_prepared\train\non_fractured\IMG0001906.png
train,non_fractured,IMG0000621.png,hand_dataset_prepared\train\non_fractured\IMG0000621.png
train,non_fractured,IMG0002212.png,hand_dataset_prepared\train\non_fractured\IMG0002212.png
train,non_fractured,IMG0003518.png,hand_dataset_prepared\train\non_fractured\IMG0003518.png
train,non_fractured,44.png,hand_dataset_prepared\train\non_fractured\44.png
train,non_fractured,IMG0001835.png,hand_dataset_prepared\train\non_fractured\IMG0001835.png
train,non_fractured,IMG0002913.png,hand_dataset_prepared\train\non_fractured\IMG0002913.png
train,non_fractured,IMG0000198.png,hand_dataset_prepared\train\non_fractured\IMG0000198.png
train,non_fractured,IMG0001998.png,hand_dataset_prepared\train\non_fractured\IMG0001998.png
train,non_fractured,IMG0000520.png,hand_dataset_prepared\train\non_fractured\IMG0000520.png
train,non_fractured,IMG0002159.png,hand_dataset_prepared\train\non_fractured\IMG0002159.png
train,non_fractured,IMG0000719.png,hand_dataset_prepared\train\non_fractured\IMG0000719.png
train,non_fractured,IMG0003221.png,hand_dataset_prepared\train\non_fractured\IMG0003221.png
train,non_fractured,IMG0001109.png,hand_dataset_prepared\train\non_fractured\IMG0001109.png
train,non_fractured,IMG0003511.png,hand_dataset_prepared\train\non_fractured\IMG0003511.png
train,non_fractured,IMG0001492.png,hand_dataset_prepared\train\non_fractured\IMG0001492.png
train,non_fractured,IMG0000847.png,hand_dataset_prepared\train\non_fractured\IMG0000847.png
train,non_fractured,IMG0002131.png,hand_dataset_prepared\train\non_fractured\IMG0002131.png
train,non_fractured,IMG0003537.png,hand_dataset_prepared\train\non_fractured\IMG0003537.png
train,non_fractured,IMG0001523.png,hand_dataset_prepared\train\non_fractured\IMG0001523.png
train,non_fractured,IMG0002822.png,hand_dataset_prepared\train\non_fractured\IMG0002822.png
train,non_fractured,IMG0001207.png,hand_dataset_prepared\train\non_fractured\IMG0001207.png
train,non_fractured,IMG0001963.png,hand_dataset_prepared\train\non_fractured\IMG0001963.png
train,non_fractured,IMG0001087.png,hand_dataset_prepared\train\non_fractured\IMG0001087.png
train,non_fractured,IMG0000166.png,hand_dataset_prepared\train\non_fractured\IMG0000166.png
train,non_fractured,IMG0003809.png,hand_dataset_prepared\train\non_fractured\IMG0003809.png
train,non_fractured,35.png,hand_dataset_prepared\train\non_fractured\35.png
train,non_fractured,IMG0000006.png,hand_dataset_prepared\train\non_fractured\IMG0000006.png
train,non_fractured,IMG0003799.png,hand_dataset_prepared\train\non_fractured\IMG0003799.png
train,non_fractured,IMG0000888.png,hand_dataset_prepared\train\non_fractured\IMG0000888.png
train,non_fractured,IMG0001465.png,hand_dataset_prepared\train\non_fractured\IMG0001465.png
train,non_fractured,57.png,hand_dataset_prepared\train\non_fractured\57.png
train,non_fractured,IMG0004287.png,hand_dataset_prepared\train\non_fractured\IMG0004287.png
train,non_fractured,IMG0002279.png,hand_dataset_prepared\train\non_fractured\IMG0002279.png
train,non_fractured,IMG0001486.png,hand_dataset_prepared\train\non_fractured\IMG0001486.png
train,non_fractured,IMG0003041.png,hand_dataset_prepared\train\non_fractured\IMG0003041.png
train,non_fractured,IMG0001719.png,hand_dataset_prepared\train\non_fractured\IMG0001719.png
train,non_fractured,3.png,hand_dataset_prepared\train\non_fractured\3.png
train,non_fractured,IMG0003135.png,hand_dataset_prepared\train\non_fractured\IMG0003135.png
train,non_fractured,IMG0000440.png,hand_dataset_prepared\train\non_fractured\IMG0000440.png
train,non_fractured,IMG0000338.png,hand_dataset_prepared\train\non_fractured\IMG0000338.png
train,non_fractured,IMG0002967.png,hand_dataset_prepared\train\non_fractured\IMG0002967.png
train,non_fractured,25.png,hand_dataset_prepared\train\non_fractured\25.png
train,non_fractured,IMG0001356.png,hand_dataset_prepared\train\non_fractured\IMG0001356.png
train,non_fractured,IMG0000158.png,hand_dataset_prepared\train\non_fractured\IMG0000158.png
train,non_fractured,IMG0000421.png,hand_dataset_prepared\train\non_fractured\IMG0000421.png
train,non_fractured,IMG0000045.png,hand_dataset_prepared\train\non_fractured\IMG0000045.png
train,non_fractured,IMG0003891.png,hand_dataset_prepared\train\non_fractured\IMG0003891.png
train,non_fractured,IMG0001520.png,hand_dataset_prepared\train\non_fractured\IMG0001520.png
train,non_fractured,IMG0000020.png,hand_dataset_prepared\train\non_fractured\IMG0000020.png
train,non_fractured,IMG0004245.png,hand_dataset_prepared\train\non_fractured\IMG0004245.png
train,non_fractured,IMG0002237.png,hand_dataset_prepared\train\non_fractured\IMG0002237.png
train,non_fractured,IMG0003645.png,hand_dataset_prepared\train\non_fractured\IMG0003645.png
train,non_fractured,IMG0000927.png,hand_dataset_prepared\train\non_fractured\IMG0000927.png
train,non_fractured,IMG0002715.png,hand_dataset_prepared\train\non_fractured\IMG0002715.png
train,non_fractured,IMG0000494.png,hand_dataset_prepared\train\non_fractured\IMG0000494.png
train,non_fractured,IMG0003076.png,hand_dataset_prepared\train\non_fractured\IMG0003076.png
train,non_fractured,IMG0000728.png,hand_dataset_prepared\train\non_fractured\IMG0000728.png
train,non_fractured,IMG0003120.png,hand_dataset_prepared\train\non_fractured\IMG0003120.png
train,non_fractured,IMG0001316.png,hand_dataset_prepared\train\non_fractured\IMG0001316.png
train,non_fractured,IMG0002736.png,hand_dataset_prepared\train\non_fractured\IMG0002736.png
train,non_fractured,IMG0001706.png,hand_dataset_prepared\train\non_fractured\IMG0001706.png
train,non_fractured,IMG0001645.png,hand_dataset_prepared\train\non_fractured\IMG0001645.png
train,non_fractured,IMG0002281.png,hand_dataset_prepared\train\non_fractured\IMG0002281.png
train,non_fractured,IMG0002939.png,hand_dataset_prepared\train\non_fractured\IMG0002939.png
train,non_fractured,IMG0001913.png,hand_dataset_prepared\train\non_fractured\IMG0001913.png
train,non_fractured,IMG0003173.png,hand_dataset_prepared\train\non_fractured\IMG0003173.png
train,non_fractured,IMG0004256.png,hand_dataset_prepared\train\non_fractured\IMG0004256.png
train,non_fractured,IMG0000012.png,hand_dataset_prepared\train\non_fractured\IMG0000012.png
train,non_fractured,IMG0001255.png,hand_dataset_prepared\train\non_fractured\IMG0001255.png
train,non_fractured,28.png,hand_dataset_prepared\train\non_fractured\28.png
validation,fractured,IMG0002329.png,hand_dataset_prepared\validation\fractured\IMG0002329.png
validation,fractured,IMG0003953.png,hand_dataset_prepared\validation\fractured\IMG0003953.png
validation,fractured,IMG0002491.png,hand_dataset_prepared\validation\fractured\IMG0002491.png
validation,fractured,IMG0002495.png,hand_dataset_prepared\validation\fractured\IMG0002495.png
validation,fractured,IMG0001380.png,hand_dataset_prepared\validation\fractured\IMG0001380.png
validation,fractured,68 F (A View).png,hand_dataset_prepared\validation\fractured\68 F (A View).png
validation,fractured,IMG0002085.png,hand_dataset_prepared\validation\fractured\IMG0002085.png
validation,fractured,86 F (A View).png,hand_dataset_prepared\validation\fractured\86 F (A View).png
validation,fractured,IMG0002323.png,hand_dataset_prepared\validation\fractured\IMG0002323.png
validation,fractured,94 F (A View).png,hand_dataset_prepared\validation\fractured\94 F (A View).png
validation,fractured,52 Male (A View).png,hand_dataset_prepared\validation\fractured\52 Male (A View).png
validation,fractured,IMG0002419.png,hand_dataset_prepared\validation\fractured\IMG0002419.png
validation,fractured,IMG0002565.png,hand_dataset_prepared\validation\fractured\IMG0002565.png
validation,fractured,IMG0002483.png,hand_dataset_prepared\validation\fractured\IMG0002483.png
validation,fractured,46 Male (L View).png,hand_dataset_prepared\validation\fractured\46 Male (L View).png
validation,fractured,IMG0002086.png,hand_dataset_prepared\validation\fractured\IMG0002086.png
validation,fractured,IMG0002376.png,hand_dataset_prepared\validation\fractured\IMG0002376.png
validation,fractured,IMG0001148.png,hand_dataset_prepared\validation\fractured\IMG0001148.png
validation,fractured,23 Male (A View).png,hand_dataset_prepared\validation\fractured\23 Male (A View).png
validation,fractured,IMG0003214.png,hand_dataset_prepared\validation\fractured\IMG0003214.png
validation,fractured,IMG0001382.png,hand_dataset_prepared\validation\fractured\IMG0001382.png
validation,fractured,IMG0002546.png,hand_dataset_prepared\validation\fractured\IMG0002546.png
validation,fractured,IMG0003786.png,hand_dataset_prepared\validation\fractured\IMG0003786.png
validation,fractured,52 Male (L View).png,hand_dataset_prepared\validation\fractured\52 Male (L View).png
validation,fractured,IMG0001411.png,hand_dataset_prepared\validation\fractured\IMG0001411.png
validation,fractured,IMG0001363.png,hand_dataset_prepared\validation\fractured\IMG0001363.png
validation,fractured,IMG0002353.png,hand_dataset_prepared\validation\fractured\IMG0002353.png
validation,fractured,IMG0001760.png,hand_dataset_prepared\validation\fractured\IMG0001760.png
validation,fractured,IMG0002425.png,hand_dataset_prepared\validation\fractured\IMG0002425.png
validation,fractured,IMG0003813.png,hand_dataset_prepared\validation\fractured\IMG0003813.png
validation,fractured,IMG0002566.png,hand_dataset_prepared\validation\fractured\IMG0002566.png
validation,fractured,81 Male (A View).png,hand_dataset_prepared\validation\fractured\81 Male (A View).png
validation,fractured,IMG0002106.png,hand_dataset_prepared\validation\fractured\IMG0002106.png
validation,fractured,IMG0003034.png,hand_dataset_prepared\validation\fractured\IMG0003034.png
validation,fractured,IMG0000156.png,hand_dataset_prepared\validation\fractured\IMG0000156.png
validation,fractured,IMG0004376.png,hand_dataset_prepared\validation\fractured\IMG0004376.png
validation,fractured,IMG0002148.png,hand_dataset_prepared\validation\fractured\IMG0002148.png
validation,fractured,IMG0002021.png,hand_dataset_prepared\validation\fractured\IMG0002021.png
validation,fractured,IMG0002494.png,hand_dataset_prepared\validation\fractured\IMG0002494.png
validation,fractured,IMG0002442.png,hand_dataset_prepared\validation\fractured\IMG0002442.png
validation,fractured,IMG0002386.png,hand_dataset_prepared\validation\fractured\IMG0002386.png
validation,fractured,IMG0001123.png,hand_dataset_prepared\validation\fractured\IMG0001123.png
validation,fractured,IMG0003376.png,hand_dataset_prepared\validation\fractured\IMG0003376.png
validation,fractured,IMG0003374.png,hand_dataset_prepared\validation\fractured\IMG0003374.png
validation,fractured,IMG0002313.png,hand_dataset_prepared\validation\fractured\IMG0002313.png
validation,fractured,IMG0001571.png,hand_dataset_prepared\validation\fractured\IMG0001571.png
validation,fractured,58 F (A View).png,hand_dataset_prepared\validation\fractured\58 F (A View).png
validation,fractured,IMG0001365.png,hand_dataset_prepared\validation\fractured\IMG0001365.png
validation,fractured,93 F (A View).png,hand_dataset_prepared\validation\fractured\93 F (A View).png
validation,fractured,IMG0000852.png,hand_dataset_prepared\validation\fractured\IMG0000852.png
validation,fractured,IMG0001007.png,hand_dataset_prepared\validation\fractured\IMG0001007.png
validation,fractured,IMG0002999.png,hand_dataset_prepared\validation\fractured\IMG0002999.png
validation,fractured,81 Male (L View).png,hand_dataset_prepared\validation\fractured\81 Male (L View).png
validation,fractured,74 M (L View).png,hand_dataset_prepared\validation\fractured\74 M (L View).png
validation,fractured,IMG0002652.png,hand_dataset_prepared\validation\fractured\IMG0002652.png
validation,fractured,IMG0004356.png,hand_dataset_prepared\validation\fractured\IMG0004356.png
validation,fractured,IMG0002529.png,hand_dataset_prepared\validation\fractured\IMG0002529.png
validation,fractured,IMG0003312.png,hand_dataset_prepared\validation\fractured\IMG0003312.png
validation,fractured,IMG0003819.png,hand_dataset_prepared\validation\fractured\IMG0003819.png
validation,fractured,IMG0002553.png,hand_dataset_prepared\validation\fractured\IMG0002553.png
validation,fractured,IMG0004117.png,hand_dataset_prepared\validation\fractured\IMG0004117.png
validation,fractured,60 F (L View).png,hand_dataset_prepared\validation\fractured\60 F (L View).png
validation,fractured,IMG0002599.png,hand_dataset_prepared\validation\fractured\IMG0002599.png
validation,fractured,IMG0003111.png,hand_dataset_prepared\validation\fractured\IMG0003111.png
validation,fractured,IMG0003157.png,hand_dataset_prepared\validation\fractured\IMG0003157.png
validation,fractured,IMG0000058.png,hand_dataset_prepared\validation\fractured\IMG0000058.png
validation,fractured,IMG0003399.png,hand_dataset_prepared\validation\fractured\IMG0003399.png
validation,fractured,IMG0002314.png,hand_dataset_prepared\validation\fractured\IMG0002314.png
validation,fractured,IMG0001199.png,hand_dataset_prepared\validation\fractured\IMG0001199.png
validation,fractured,46 Male (A View).png,hand_dataset_prepared\validation\fractured\46 Male (A View).png
validation,fractured,IMG0003394.png,hand_dataset_prepared\validation\fractured\IMG0003394.png
validation,fractured,23 Male (L View).png,hand_dataset_prepared\validation\fractured\23 Male (L View).png
validation,fractured,IMG0002409.png,hand_dataset_prepared\validation\fractured\IMG0002409.png
validation,fractured,IMG0002274.png,hand_dataset_prepared\validation\fractured\IMG0002274.png
validation,fractured,40 F (A View).png,hand_dataset_prepared\validation\fractured\40 F (A View).png
validation,fractured,IMG0003093.png,hand_dataset_prepared\validation\fractured\IMG0003093.png
validation,fractured,IMG0002605.png,hand_dataset_prepared\validation\fractured\IMG0002605.png
validation,non_fractured,IMG0003992.png,hand_dataset_prepared\validation\non_fractured\IMG0003992.png
validation,non_fractured,IMG0003124.png,hand_dataset_prepared\validation\non_fractured\IMG0003124.png
validation,non_fractured,IMG0002867.png,hand_dataset_prepared\validation\non_fractured\IMG0002867.png
validation,non_fractured,2.png,hand_dataset_prepared\validation\non_fractured\2.png
validation,non_fractured,IMG0000157.png,hand_dataset_prepared\validation\non_fractured\IMG0000157.png
validation,non_fractured,IMG0001785.png,hand_dataset_prepared\validation\non_fractured\IMG0001785.png
validation,non_fractured,IMG0001241.png,hand_dataset_prepared\validation\non_fractured\IMG0001241.png
validation,non_fractured,IMG0002210.png,hand_dataset_prepared\validation\non_fractured\IMG0002210.png
validation,non_fractured,IMG0001323.png,hand_dataset_prepared\validation\non_fractured\IMG0001323.png
validation,non_fractured,IMG0001796.png,hand_dataset_prepared\validation\non_fractured\IMG0001796.png
validation,non_fractured,IMG0003517.png,hand_dataset_prepared\validation\non_fractured\IMG0003517.png
validation,non_fractured,IMG0002102.png,hand_dataset_prepared\validation\non_fractured\IMG0002102.png
validation,non_fractured,IMG0003012.png,hand_dataset_prepared\validation\non_fractured\IMG0003012.png
validation,non_fractured,IMG0003401.png,hand_dataset_prepared\validation\non_fractured\IMG0003401.png
validation,non_fractured,IMG0003328.png,hand_dataset_prepared\validation\non_fractured\IMG0003328.png
validation,non_fractured,IMG0002002.png,hand_dataset_prepared\validation\non_fractured\IMG0002002.png
validation,non_fractured,IMG0002669.png,hand_dataset_prepared\validation\non_fractured\IMG0002669.png
validation,non_fractured,IMG0003392.png,hand_dataset_prepared\validation\non_fractured\IMG0003392.png
validation,non_fractured,IMG0001947.png,hand_dataset_prepared\validation\non_fractured\IMG0001947.png
validation,non_fractured,IMG0002010.png,hand_dataset_prepared\validation\non_fractured\IMG0002010.png
validation,non_fractured,IMG0002881.png,hand_dataset_prepared\validation\non_fractured\IMG0002881.png
validation,non_fractured,IMG0001602.png,hand_dataset_prepared\validation\non_fractured\IMG0001602.png
validation,non_fractured,IMG0004097.png,hand_dataset_prepared\validation\non_fractured\IMG0004097.png
validation,non_fractured,IMG0001352.png,hand_dataset_prepared\validation\non_fractured\IMG0001352.png
validation,non_fractured,IMG0001302.png,hand_dataset_prepared\validation\non_fractured\IMG0001302.png
validation,non_fractured,IMG0000571.png,hand_dataset_prepared\validation\non_fractured\IMG0000571.png
validation,non_fractured,IMG0001003.png,hand_dataset_prepared\validation\non_fractured\IMG0001003.png
validation,non_fractured,IMG0001908.png,hand_dataset_prepared\validation\non_fractured\IMG0001908.png
validation,non_fractured,IMG0003630.png,hand_dataset_prepared\validation\non_fractured\IMG0003630.png
validation,non_fractured,IMG0003349.png,hand_dataset_prepared\validation\non_fractured\IMG0003349.png
validation,non_fractured,IMG0000963.png,hand_dataset_prepared\validation\non_fractured\IMG0000963.png
validation,non_fractured,IMG0003599.png,hand_dataset_prepared\validation\non_fractured\IMG0003599.png
validation,non_fractured,IMG0001235.png,hand_dataset_prepared\validation\non_fractured\IMG0001235.png
validation,non_fractured,IMG0003068.png,hand_dataset_prepared\validation\non_fractured\IMG0003068.png
validation,non_fractured,IMG0001603.png,hand_dataset_prepared\validation\non_fractured\IMG0001603.png
validation,non_fractured,IMG0003326.png,hand_dataset_prepared\validation\non_fractured\IMG0003326.png
validation,non_fractured,IMG0001721.png,hand_dataset_prepared\validation\non_fractured\IMG0001721.png
validation,non_fractured,IMG0000320.png,hand_dataset_prepared\validation\non_fractured\IMG0000320.png
validation,non_fractured,IMG0003451.png,hand_dataset_prepared\validation\non_fractured\IMG0003451.png
validation,non_fractured,IMG0004174.png,hand_dataset_prepared\validation\non_fractured\IMG0004174.png
validation,non_fractured,IMG0001256.png,hand_dataset_prepared\validation\non_fractured\IMG0001256.png
validation,non_fractured,IMG0002039.png,hand_dataset_prepared\validation\non_fractured\IMG0002039.png
validation,non_fractured,IMG0000914.png,hand_dataset_prepared\validation\non_fractured\IMG0000914.png
validation,non_fractured,IMG0001787.png,hand_dataset_prepared\validation\non_fractured\IMG0001787.png
validation,non_fractured,16.png,hand_dataset_prepared\validation\non_fractured\16.png
validation,non_fractured,IMG0000580.png,hand_dataset_prepared\validation\non_fractured\IMG0000580.png
validation,non_fractured,IMG0003412.png,hand_dataset_prepared\validation\non_fractured\IMG0003412.png
validation,non_fractured,77.png,hand_dataset_prepared\validation\non_fractured\77.png
validation,non_fractured,8.png,hand_dataset_prepared\validation\non_fractured\8.png
validation,non_fractured,IMG0001729.png,hand_dataset_prepared\validation\non_fractured\IMG0001729.png
validation,non_fractured,IMG0002004.png,hand_dataset_prepared\validation\non_fractured\IMG0002004.png
validation,non_fractured,IMG0003011.png,hand_dataset_prepared\validation\non_fractured\IMG0003011.png
validation,non_fractured,9.png,hand_dataset_prepared\validation\non_fractured\9.png
validation,non_fractured,IMG0001928.png,hand_dataset_prepared\validation\non_fractured\IMG0001928.png
validation,non_fractured,IMG0002694.png,hand_dataset_prepared\validation\non_fractured\IMG0002694.png
validation,non_fractured,IMG0002116.png,hand_dataset_prepared\validation\non_fractured\IMG0002116.png
validation,non_fractured,IMG0004129.png,hand_dataset_prepared\validation\non_fractured\IMG0004129.png
validation,non_fractured,IMG0003196.png,hand_dataset_prepared\validation\non_fractured\IMG0003196.png
validation,non_fractured,IMG0003053.png,hand_dataset_prepared\validation\non_fractured\IMG0003053.png
validation,non_fractured,10.png,hand_dataset_prepared\validation\non_fractured\10.png
validation,non_fractured,IMG0001722.png,hand_dataset_prepared\validation\non_fractured\IMG0001722.png
validation,non_fractured,IMG0000640.png,hand_dataset_prepared\validation\non_fractured\IMG0000640.png
validation,non_fractured,IMG0001315.png,hand_dataset_prepared\validation\non_fractured\IMG0001315.png
validation,non_fractured,IMG0001320.png,hand_dataset_prepared\validation\non_fractured\IMG0001320.png
validation,non_fractured,IMG0004170.png,hand_dataset_prepared\validation\non_fractured\IMG0004170.png
validation,non_fractured,IMG0000833.png,hand_dataset_prepared\validation\non_fractured\IMG0000833.png
validation,non_fractured,IMG0004227.png,hand_dataset_prepared\validation\non_fractured\IMG0004227.png
validation,non_fractured,51.png,hand_dataset_prepared\validation\non_fractured\51.png
validation,non_fractured,IMG0003271.png,hand_dataset_prepared\validation\non_fractured\IMG0003271.png
validation,non_fractured,IMG0002765.png,hand_dataset_prepared\validation\non_fractured\IMG0002765.png
validation,non_fractured,81.png,hand_dataset_prepared\validation\non_fractured\81.png
validation,non_fractured,IMG0002263.png,hand_dataset_prepared\validation\non_fractured\IMG0002263.png
validation,non_fractured,61.png,hand_dataset_prepared\validation\non_fractured\61.png
validation,non_fractured,IMG0001106.png,hand_dataset_prepared\validation\non_fractured\IMG0001106.png
validation,non_fractured,IMG0004299.png,hand_dataset_prepared\validation\non_fractured\IMG0004299.png
validation,non_fractured,72.png,hand_dataset_prepared\validation\non_fractured\72.png
validation,non_fractured,IMG0003680.png,hand_dataset_prepared\validation\non_fractured\IMG0003680.png
test,fractured,59 F (L View).png,hand_dataset_prepared\test\fractured\59 F (L View).png
test,fractured,IMG0001364.png,hand_dataset_prepared\test\fractured\IMG0001364.png
test,fractured,IMG0004010.png,hand_dataset_prepared\test\fractured\IMG0004010.png
test,fractured,IMG0003906.png,hand_dataset_prepared\test\fractured\IMG0003906.png
test,fractured,IMG0002502.png,hand_dataset_prepared\test\fractured\IMG0002502.png
test,fractured,64 M (L View).png,hand_dataset_prepared\test\fractured\64 M (L View).png
test,fractured,IMG0002393.png,hand_dataset_prepared\test\fractured\IMG0002393.png
test,fractured,IMG0000319.png,hand_dataset_prepared\test\fractured\IMG0000319.png
test,fractured,IMG0003070.png,hand_dataset_prepared\test\fractured\IMG0003070.png
test,fractured,IMG0002356.png,hand_dataset_prepared\test\fractured\IMG0002356.png
test,fractured,IMG0003619.png,hand_dataset_prepared\test\fractured\IMG0003619.png
test,fractured,IMG0002810.png,hand_dataset_prepared\test\fractured\IMG0002810.png
test,fractured,IMG0003200.png,hand_dataset_prepared\test\fractured\IMG0003200.png
test,fractured,IMG0003171.png,hand_dataset_prepared\test\fractured\IMG0003171.png
test,fractured,IMG0003952.png,hand_dataset_prepared\test\fractured\IMG0003952.png
test,fractured,IMG0003165.png,hand_dataset_prepared\test\fractured\IMG0003165.png
test,fractured,IMG0002499.png,hand_dataset_prepared\test\fractured\IMG0002499.png
test,fractured,IMG0002349.png,hand_dataset_prepared\test\fractured\IMG0002349.png
test,fractured,IMG0003310.png,hand_dataset_prepared\test\fractured\IMG0003310.png
test,fractured,IMG0002493.png,hand_dataset_prepared\test\fractured\IMG0002493.png
test,fractured,IMG0002505.png,hand_dataset_prepared\test\fractured\IMG0002505.png
test,fractured,34 Male (L View).png,hand_dataset_prepared\test\fractured\34 Male (L View).png
test,fractured,IMG0003396.png,hand_dataset_prepared\test\fractured\IMG0003396.png
test,fractured,IMG0002668.png,hand_dataset_prepared\test\fractured\IMG0002668.png
test,fractured,IMG0004232.png,hand_dataset_prepared\test\fractured\IMG0004232.png
test,fractured,IMG0003564.png,hand_dataset_prepared\test\fractured\IMG0003564.png
test,fractured,8 Male (L View).png,hand_dataset_prepared\test\fractured\8 Male (L View).png
test,fractured,IMG0002519.png,hand_dataset_prepared\test\fractured\IMG0002519.png
test,fractured,IMG0002848.png,hand_dataset_prepared\test\fractured\IMG0002848.png
test,fractured,IMG0000470.png,hand_dataset_prepared\test\fractured\IMG0000470.png
test,fractured,IMG0002569.png,hand_dataset_prepared\test\fractured\IMG0002569.png
test,fractured,38 Male (L View).png,hand_dataset_prepared\test\fractured\38 Male (L View).png
test,fractured,IMG0003812.png,hand_dataset_prepared\test\fractured\IMG0003812.png
test,fractured,IMG0003734.png,hand_dataset_prepared\test\fractured\IMG0003734.png
test,fractured,66 F (A View).png,hand_dataset_prepared\test\fractured\66 F (A View).png
test,fractured,IMG0002468.png,hand_dataset_prepared\test\fractured\IMG0002468.png
test,fractured,38 Male (A View).png,hand_dataset_prepared\test\fractured\38 Male (A View).png
test,fractured,IMG0002604.png,hand_dataset_prepared\test\fractured\IMG0002604.png
test,fractured,32 Male (A View).png,hand_dataset_prepared\test\fractured\32 Male (A View).png
test,fractured,IMG0002330.png,hand_dataset_prepared\test\fractured\IMG0002330.png
test,fractured,IMG0003620.png,hand_dataset_prepared\test\fractured\IMG0003620.png
test,fractured,IMG0002379.png,hand_dataset_prepared\test\fractured\IMG0002379.png
test,fractured,IMG0000805.png,hand_dataset_prepared\test\fractured\IMG0000805.png
test,fractured,34 Male (A View).png,hand_dataset_prepared\test\fractured\34 Male (A View).png
test,fractured,IMG0000284.png,hand_dataset_prepared\test\fractured\IMG0000284.png
test,fractured,IMG0002441.png,hand_dataset_prepared\test\fractured\IMG0002441.png
test,fractured,IMG0001570.png,hand_dataset_prepared\test\fractured\IMG0001570.png
test,fractured,60 F (A View).png,hand_dataset_prepared\test\fractured\60 F (A View).png
test,fractured,IMG0002525.png,hand_dataset_prepared\test\fractured\IMG0002525.png
test,fractured,IMG0003234.png,hand_dataset_prepared\test\fractured\IMG0003234.png
test,fractured,IMG0002416.png,hand_dataset_prepared\test\fractured\IMG0002416.png
test,fractured,IMG0002420.png,hand_dataset_prepared\test\fractured\IMG0002420.png
test,fractured,IMG0001391.png,hand_dataset_prepared\test\fractured\IMG0001391.png
test,fractured,6 Female (A View).png,hand_dataset_prepared\test\fractured\6 Female (A View).png
test,fractured,6 Female (L View).png,hand_dataset_prepared\test\fractured\6 Female (L View).png
test,fractured,IMG0001381.png,hand_dataset_prepared\test\fractured\IMG0001381.png
test,fractured,IMG0003770.png,hand_dataset_prepared\test\fractured\IMG0003770.png
test,fractured,IMG0002987.png,hand_dataset_prepared\test\fractured\IMG0002987.png
test,fractured,IMG0002849.png,hand_dataset_prepared\test\fractured\IMG0002849.png
test,fractured,IMG0003301.png,hand_dataset_prepared\test\fractured\IMG0003301.png
test,fractured,IMG0001805.png,hand_dataset_prepared\test\fractured\IMG0001805.png
test,fractured,IMG0002831.png,hand_dataset_prepared\test\fractured\IMG0002831.png
test,fractured,IMG0003266.png,hand_dataset_prepared\test\fractured\IMG0003266.png
test,fractured,IMG0002601.png,hand_dataset_prepared\test\fractured\IMG0002601.png
test,fractured,IMG0002319.png,hand_dataset_prepared\test\fractured\IMG0002319.png
test,fractured,32 Male (L View).png,hand_dataset_prepared\test\fractured\32 Male (L View).png
test,fractured,IMG0003927.png,hand_dataset_prepared\test\fractured\IMG0003927.png
test,fractured,8 Male (A View).png,hand_dataset_prepared\test\fractured\8 Male (A View).png
test,fractured,IMG0002208.png,hand_dataset_prepared\test\fractured\IMG0002208.png
test,fractured,IMG0003397.png,hand_dataset_prepared\test\fractured\IMG0003397.png
test,fractured,IMG0000600.png,hand_dataset_prepared\test\fractured\IMG0000600.png
test,fractured,IMG0003164.png,hand_dataset_prepared\test\fractured\IMG0003164.png
test,fractured,IMG0003217.png,hand_dataset_prepared\test\fractured\IMG0003217.png
test,fractured,IMG0002363.png,hand_dataset_prepared\test\fractured\IMG0002363.png
test,fractured,IMG0003628.png,hand_dataset_prepared\test\fractured\IMG0003628.png
test,fractured,IMG0002647.png,hand_dataset_prepared\test\fractured\IMG0002647.png
test,fractured,IMG0002609.png,hand_dataset_prepared\test\fractured\IMG0002609.png
test,non_fractured,IMG0003350.png,hand_dataset_prepared\test\non_fractured\IMG0003350.png
test,non_fractured,IMG0003573.png,hand_dataset_prepared\test\non_fractured\IMG0003573.png
test,non_fractured,IMG0003322.png,hand_dataset_prepared\test\non_fractured\IMG0003322.png
test,non_fractured,IMG0002956.png,hand_dataset_prepared\test\non_fractured\IMG0002956.png
test,non_fractured,IMG0000336.png,hand_dataset_prepared\test\non_fractured\IMG0000336.png
test,non_fractured,IMG0003772.png,hand_dataset_prepared\test\non_fractured\IMG0003772.png
test,non_fractured,78.png,hand_dataset_prepared\test\non_fractured\78.png
test,non_fractured,IMG0002948.png,hand_dataset_prepared\test\non_fractured\IMG0002948.png
test,non_fractured,IMG0001946.png,hand_dataset_prepared\test\non_fractured\IMG0001946.png
test,non_fractured,IMG0003773.png,hand_dataset_prepared\test\non_fractured\IMG0003773.png
test,non_fractured,IMG0001533.png,hand_dataset_prepared\test\non_fractured\IMG0001533.png
test,non_fractured,47.png,hand_dataset_prepared\test\non_fractured\47.png
test,non_fractured,IMG0000374.png,hand_dataset_prepared\test\non_fractured\IMG0000374.png
test,non_fractured,IMG0001406.png,hand_dataset_prepared\test\non_fractured\IMG0001406.png
test,non_fractured,IMG0003637.png,hand_dataset_prepared\test\non_fractured\IMG0003637.png
test,non_fractured,IMG0003699.png,hand_dataset_prepared\test\non_fractured\IMG0003699.png
test,non_fractured,41.png,hand_dataset_prepared\test\non_fractured\41.png
test,non_fractured,IMG0001553.png,hand_dataset_prepared\test\non_fractured\IMG0001553.png
test,non_fractured,IMG0003950.png,hand_dataset_prepared\test\non_fractured\IMG0003950.png
test,non_fractured,IMG0004244.png,hand_dataset_prepared\test\non_fractured\IMG0004244.png
test,non_fractured,IMG0001042.png,hand_dataset_prepared\test\non_fractured\IMG0001042.png
test,non_fractured,IMG0003098.png,hand_dataset_prepared\test\non_fractured\IMG0003098.png
test,non_fractured,IMG0003478.png,hand_dataset_prepared\test\non_fractured\IMG0003478.png
test,non_fractured,IMG0003022.png,hand_dataset_prepared\test\non_fractured\IMG0003022.png
test,non_fractured,IMG0001621.png,hand_dataset_prepared\test\non_fractured\IMG0001621.png
test,non_fractured,IMG0001119.png,hand_dataset_prepared\test\non_fractured\IMG0001119.png
test,non_fractured,IMG0003678.png,hand_dataset_prepared\test\non_fractured\IMG0003678.png
test,non_fractured,IMG0002949.png,hand_dataset_prepared\test\non_fractured\IMG0002949.png
test,non_fractured,IMG0003292.png,hand_dataset_prepared\test\non_fractured\IMG0003292.png
test,non_fractured,IMG0004004.png,hand_dataset_prepared\test\non_fractured\IMG0004004.png
test,non_fractured,IMG0003788.png,hand_dataset_prepared\test\non_fractured\IMG0003788.png
test,non_fractured,IMG0002158.png,hand_dataset_prepared\test\non_fractured\IMG0002158.png
test,non_fractured,IMG0002866.png,hand_dataset_prepared\test\non_fractured\IMG0002866.png
test,non_fractured,IMG0002011.png,hand_dataset_prepared\test\non_fractured\IMG0002011.png
test,non_fractured,IMG0004195.png,hand_dataset_prepared\test\non_fractured\IMG0004195.png
test,non_fractured,IMG0000477.png,hand_dataset_prepared\test\non_fractured\IMG0000477.png
test,non_fractured,IMG0000938.png,hand_dataset_prepared\test\non_fractured\IMG0000938.png
test,non_fractured,IMG0001996.png,hand_dataset_prepared\test\non_fractured\IMG0001996.png
test,non_fractured,IMG0002883.png,hand_dataset_prepared\test\non_fractured\IMG0002883.png
test,non_fractured,IMG0004280.png,hand_dataset_prepared\test\non_fractured\IMG0004280.png
test,non_fractured,IMG0001687.png,hand_dataset_prepared\test\non_fractured\IMG0001687.png
test,non_fractured,IMG0002762.png,hand_dataset_prepared\test\non_fractured\IMG0002762.png
test,non_fractured,65.png,hand_dataset_prepared\test\non_fractured\65.png
test,non_fractured,IMG0003048.png,hand_dataset_prepared\test\non_fractured\IMG0003048.png
test,non_fractured,IMG0000359.png,hand_dataset_prepared\test\non_fractured\IMG0000359.png
test,non_fractured,IMG0001902.png,hand_dataset_prepared\test\non_fractured\IMG0001902.png
test,non_fractured,IMG0004075.png,hand_dataset_prepared\test\non_fractured\IMG0004075.png
test,non_fractured,IMG0003609.png,hand_dataset_prepared\test\non_fractured\IMG0003609.png
test,non_fractured,IMG0000563.png,hand_dataset_prepared\test\non_fractured\IMG0000563.png
test,non_fractured,IMG0002821.png,hand_dataset_prepared\test\non_fractured\IMG0002821.png
test,non_fractured,IMG0004226.png,hand_dataset_prepared\test\non_fractured\IMG0004226.png
test,non_fractured,IMG0001540.png,hand_dataset_prepared\test\non_fractured\IMG0001540.png
test,non_fractured,IMG0004290.png,hand_dataset_prepared\test\non_fractured\IMG0004290.png
test,non_fractured,11.png,hand_dataset_prepared\test\non_fractured\11.png
test,non_fractured,IMG0003579.png,hand_dataset_prepared\test\non_fractured\IMG0003579.png
test,non_fractured,IMG0003934.png,hand_dataset_prepared\test\non_fractured\IMG0003934.png
test,non_fractured,IMG0001557.png,hand_dataset_prepared\test\non_fractured\IMG0001557.png
test,non_fractured,IMG0001477.png,hand_dataset_prepared\test\non_fractured\IMG0001477.png
test,non_fractured,IMG0001319.png,hand_dataset_prepared\test\non_fractured\IMG0001319.png
test,non_fractured,IMG0004060.png,hand_dataset_prepared\test\non_fractured\IMG0004060.png
test,non_fractured,IMG0000379.png,hand_dataset_prepared\test\non_fractured\IMG0000379.png
test,non_fractured,IMG0001544.png,hand_dataset_prepared\test\non_fractured\IMG0001544.png
test,non_fractured,IMG0003706.png,hand_dataset_prepared\test\non_fractured\IMG0003706.png
test,non_fractured,IMG0001833.png,hand_dataset_prepared\test\non_fractured\IMG0001833.png
test,non_fractured,IMG0002644.png,hand_dataset_prepared\test\non_fractured\IMG0002644.png
test,non_fractured,IMG0001532.png,hand_dataset_prepared\test\non_fractured\IMG0001532.png
test,non_fractured,IMG0003474.png,hand_dataset_prepared\test\non_fractured\IMG0003474.png
test,non_fractured,IMG0001354.png,hand_dataset_prepared\test\non_fractured\IMG0001354.png
test,non_fractured,IMG0002693.png,hand_dataset_prepared\test\non_fractured\IMG0002693.png
test,non_fractured,IMG0003052.png,hand_dataset_prepared\test\non_fractured\IMG0003052.png
test,non_fractured,IMG0003608.png,hand_dataset_prepared\test\non_fractured\IMG0003608.png
test,non_fractured,IMG0000673.png,hand_dataset_prepared\test\non_fractured\IMG0000673.png
test,non_fractured,IMG0001587.png,hand_dataset_prepared\test\non_fractured\IMG0001587.png
test,non_fractured,IMG0000237.png,hand_dataset_prepared\test\non_fractured\IMG0000237.png
test,non_fractured,IMG0000803.png,hand_dataset_prepared\test\non_fractured\IMG0000803.png
test,non_fractured,IMG0002947.png,hand_dataset_prepared\test\non_fractured\IMG0002947.png
test,non_fractured,IMG0003614.png,hand_dataset_prepared\test\non_fractured\IMG0003614.png
